model,outcome,scope,level,estimand,estimate,conf_low,conf_high,items,bootstrap_replicates
internvl,generation_correct,overall,all,accuracy,0.7178435839028093,0.7054030625158189,0.7305118957226019,2195,5000
internvl,generation_correct,overall,all,matched_minus_mismatched,0.03389521640091116,0.028139331814730446,0.03989369779802582,2195,5000
internvl,generation_correct,dimension,wf,accuracy,0.7075342465753425,0.6758732876712328,0.7385083713850836,365,5000
internvl,generation_correct,dimension,wf,matched_minus_mismatched,0.02,0.007214611872146118,0.033424657534246574,365,5000
internvl,generation_correct,dimension,wi,accuracy,0.8381906496660595,0.8128396326654523,0.8620218579234973,366,5000
internvl,generation_correct,dimension,wi,matched_minus_mismatched,0.006193078324225863,-0.0035519125683060116,0.016120218579234968,366,5000
internvl,generation_correct,dimension,au,accuracy,0.7241196114146934,0.6915585154826958,0.755086900425015,366,5000
internvl,generation_correct,dimension,au,matched_minus_mismatched,0.005919854280510017,-0.0036429872495446296,0.015393897996356978,366,5000
internvl,generation_correct,dimension,ap,accuracy,0.8194444444444443,0.792046144505161,0.8444159836065575,366,5000
internvl,generation_correct,dimension,ap,matched_minus_mismatched,0.024316939890710383,0.01366120218579235,0.03515482695810565,366,5000
internvl,generation_correct,dimension,ael,accuracy,0.6924711596842744,0.6621888281724347,0.7218446417729204,366,5000
internvl,generation_correct,dimension,ael,matched_minus_mismatched,0.03897996357012751,0.026138433515482694,0.05227686703096539,366,5000
internvl,generation_correct,dimension,rel,accuracy,0.5252732240437158,0.4933211900425016,0.5559369307832422,366,5000
internvl,generation_correct,dimension,rel,matched_minus_mismatched,0.10792349726775956,0.08615664845173043,0.12923497267759562,366,5000
internvl,generation_correct,query_language,en,accuracy,0.7771450265755505,0.7623386484434321,0.7920273348519362,2195,5000
internvl,generation_correct,gui_language,en,accuracy,0.7698557327258921,0.7567179195140471,0.7824620349278664,2195,5000
internvl,generation_correct,query_language,zh,accuracy,0.772057706909643,0.7568716780561883,0.7868640850417616,2195,5000
internvl,generation_correct,gui_language,zh,accuracy,0.7372057706909643,0.723156795747912,0.7507213363705392,2195,5000
internvl,generation_correct,query_language,fr,accuracy,0.7403948367501899,0.7246013667425968,0.75542900531511,2195,5000
internvl,generation_correct,gui_language,fr,accuracy,0.7283219438116932,0.7150341685649203,0.7420652999240698,2195,5000
internvl,generation_correct,query_language,ru,accuracy,0.7022779043280182,0.6860288534548216,0.7180713743356112,2195,5000
internvl,generation_correct,gui_language,ru,accuracy,0.6876993166287015,0.6734984813971147,0.7020501138952164,2195,5000
internvl,generation_correct,query_language,ja,accuracy,0.7230827638572513,0.707135535307517,0.7386503416856491,2195,5000
internvl,generation_correct,gui_language,ja,accuracy,0.7121488230827638,0.6981017463933181,0.7258162490508732,2195,5000
internvl,generation_correct,query_language,th,accuracy,0.5921032649962035,0.5744115413819286,0.6094950645406226,2195,5000
internvl,generation_correct,gui_language,th,accuracy,0.6718299164768413,0.6570994684889901,0.6870159453302961,2195,5000
internvl,scoring_correct,overall,all,accuracy,0.7207036193368768,0.708048595292331,0.7332067830928878,2195,5000
internvl,scoring_correct,overall,all,matched_minus_mismatched,0.03447228549734245,0.0286712224753227,0.04030410022779043,2195,5000
internvl,scoring_correct,dimension,wf,accuracy,0.7099695585996957,0.6780060882800609,0.741704718417047,365,5000
internvl,scoring_correct,dimension,wf,matched_minus_mismatched,0.01762557077625571,0.004655251141552511,0.031232876712328772,365,5000
internvl,scoring_correct,dimension,wi,accuracy,0.8416059502125076,0.8168620977534911,0.8662720097146326,366,5000
internvl,scoring_correct,dimension,wi,matched_minus_mismatched,0.00919854280510018,-0.0006375227686703128,0.0192167577413479,366,5000
internvl,scoring_correct,dimension,au,accuracy,0.7306466302367942,0.6977079538554949,0.7616936095931998,366,5000
internvl,scoring_correct,dimension,au,matched_minus_mismatched,0.0035519125683060094,-0.00583105646630237,0.013114754098360652,366,5000
internvl,scoring_correct,dimension,ap,accuracy,0.8187613843351548,0.7926514116575594,0.8447195658773526,366,5000
internvl,scoring_correct,dimension,ap,matched_minus_mismatched,0.02459016393442623,0.013750000000000005,0.03570355191256828,366,5000
internvl,scoring_correct,dimension,ael,accuracy,0.690725561627201,0.6588494231936856,0.7207802064359441,366,5000
internvl,scoring_correct,dimension,ael,matched_minus_mismatched,0.040528233151183965,0.027686703096539162,0.05391621129326048,366,5000
internvl,scoring_correct,dimension,rel,accuracy,0.5324833029751064,0.5009107468123862,0.564666818457802,366,5000
internvl,scoring_correct,dimension,rel,matched_minus_mismatched,0.11129326047358834,0.0911657559198543,0.13269581056466304,366,5000
internvl,scoring_correct,query_language,en,accuracy,0.7812452543659834,0.767196279422931,0.7955220197418374,2195,5000
internvl,scoring_correct,gui_language,en,accuracy,0.7717539863325741,0.7586180713743357,0.7845861807137433,2195,5000
internvl,scoring_correct,query_language,zh,accuracy,0.7750189825360668,0.7603644646924829,0.789749430523918,2195,5000
internvl,scoring_correct,gui_language,zh,accuracy,0.7399392558845861,0.7264236902050114,0.7531511009870918,2195,5000
internvl,scoring_correct,query_language,fr,accuracy,0.7420652999240699,0.7266514806378133,0.757630979498861,2195,5000
internvl,scoring_correct,gui_language,fr,accuracy,0.7332574031890661,0.7194381169324222,0.7467729688686408,2195,5000
internvl,scoring_correct,query_language,ru,accuracy,0.706378132118451,0.690203113135915,0.722249430523918,2195,5000
internvl,scoring_correct,gui_language,ru,accuracy,0.6903568716780563,0.6764616552771451,0.7044039483675019,2195,5000
internvl,scoring_correct,query_language,ja,accuracy,0.7245254365983295,0.7089597570235384,0.7406985573272589,2195,5000
internvl,scoring_correct,gui_language,ja,accuracy,0.714123006833713,0.6997722095671982,0.7279422930903569,2195,5000
internvl,scoring_correct,query_language,th,accuracy,0.5949886104783599,0.5776006074411542,0.6120728929384965,2195,5000
internvl,scoring_correct,gui_language,th,accuracy,0.6747911921032649,0.6597570235383446,0.6893697798025815,2195,5000
internvl,scoring_correct_token_tiebreak,overall,all,accuracy,0.7178435839028093,0.7053530751708428,0.7303850291065553,2195,5000
internvl,scoring_correct_token_tiebreak,overall,all,matched_minus_mismatched,0.03389521640091116,0.028184889901290814,0.03960516324981018,2195,5000
internvl,scoring_correct_token_tiebreak,dimension,wf,accuracy,0.7075342465753425,0.6762538051750381,0.73896499238965,365,5000
internvl,scoring_correct_token_tiebreak,dimension,wf,matched_minus_mismatched,0.02,0.007397260273972601,0.03296803652968037,365,5000
internvl,scoring_correct_token_tiebreak,dimension,wi,accuracy,0.8381906496660595,0.8125379477838495,0.862479128718883,366,5000
internvl,scoring_correct_token_tiebreak,dimension,wi,matched_minus_mismatched,0.006193078324225863,-0.003551912568306013,0.016211293260473585,366,5000
internvl,scoring_correct_token_tiebreak,dimension,au,accuracy,0.7241196114146934,0.6925470552519734,0.7553145871281117,366,5000
internvl,scoring_correct_token_tiebreak,dimension,au,matched_minus_mismatched,0.005919854280510017,-0.003551912568306013,0.015758196721311443,366,5000
internvl,scoring_correct_token_tiebreak,dimension,ap,accuracy,0.8194444444444443,0.7930327868852459,0.8445696721311474,366,5000
internvl,scoring_correct_token_tiebreak,dimension,ap,matched_minus_mismatched,0.024316939890710383,0.01347905282331512,0.035610200364298725,366,5000
internvl,scoring_correct_token_tiebreak,dimension,ael,accuracy,0.6924711596842744,0.6614241803278688,0.723058970856102,366,5000
internvl,scoring_correct_token_tiebreak,dimension,ael,matched_minus_mismatched,0.03897996357012751,0.02659380692167577,0.05246129326047356,366,5000
internvl,scoring_correct_token_tiebreak,dimension,rel,accuracy,0.5252732240437158,0.4936987704918033,0.5565421979356406,366,5000
internvl,scoring_correct_token_tiebreak,dimension,rel,matched_minus_mismatched,0.10792349726775956,0.0866120218579235,0.12914617486338795,366,5000
internvl,scoring_correct_token_tiebreak,query_language,en,accuracy,0.7771450265755505,0.7626423690205011,0.7912699316628702,2195,5000
internvl,scoring_correct_token_tiebreak,gui_language,en,accuracy,0.7698557327258921,0.7568716780561884,0.7824601366742597,2195,5000
internvl,scoring_correct_token_tiebreak,query_language,zh,accuracy,0.772057706909643,0.7575531511009871,0.7868640850417616,2195,5000
internvl,scoring_correct_token_tiebreak,gui_language,zh,accuracy,0.7372057706909643,0.7233864844343205,0.7501917236142749,2195,5000
internvl,scoring_correct_token_tiebreak,query_language,fr,accuracy,0.7403948367501899,0.724905087319666,0.7558864844343204,2195,5000
internvl,scoring_correct_token_tiebreak,gui_language,fr,accuracy,0.7283219438116932,0.7143507972665148,0.7420652999240698,2195,5000
internvl,scoring_correct_token_tiebreak,query_language,ru,accuracy,0.7022779043280182,0.6860288534548217,0.7184529233105542,2195,5000
internvl,scoring_correct_token_tiebreak,gui_language,ru,accuracy,0.6876993166287015,0.6731966590736522,0.7019741837509492,2195,5000
internvl,scoring_correct_token_tiebreak,query_language,ja,accuracy,0.7230827638572513,0.7065299924069856,0.7391040242976461,2195,5000
internvl,scoring_correct_token_tiebreak,gui_language,ja,accuracy,0.7121488230827638,0.6982536066818527,0.725740318906606,2195,5000
internvl,scoring_correct_token_tiebreak,query_language,th,accuracy,0.5921032649962035,0.5745615034168565,0.6094153378891419,2195,5000
internvl,scoring_correct_token_tiebreak,gui_language,th,accuracy,0.6718299164768413,0.6567198177676538,0.6869400151860289,2195,5000
qwen,generation_correct,overall,all,accuracy,0.7835611237661352,0.7710323335864337,0.7962300683371298,2195,5000
qwen,generation_correct,overall,all,matched_minus_mismatched,0.033758542141230065,0.028427107061503414,0.03934700075930144,2195,5000
qwen,generation_correct,dimension,wf,accuracy,0.7650684931506849,0.7317332572298327,0.7983295281582953,365,5000
qwen,generation_correct,dimension,wf,matched_minus_mismatched,0.017260273972602738,0.006118721461187215,0.028312785388127818,365,5000
qwen,generation_correct,dimension,wi,accuracy,0.900197328476017,0.8756830601092896,0.92235883424408,366,5000
qwen,generation_correct,dimension,wi,matched_minus_mismatched,0.011020036429872496,0.003005464480874317,0.019398907103825136,366,5000
qwen,generation_correct,dimension,au,accuracy,0.8063145112325439,0.7767114450516089,0.8357619914996963,366,5000
qwen,generation_correct,dimension,au,matched_minus_mismatched,0.007832422586520947,-0.0013661202185792367,0.016939890710382512,366,5000
qwen,generation_correct,dimension,ap,accuracy,0.8394049787492409,0.8120066788099576,0.8642228293867638,366,5000
qwen,generation_correct,dimension,ap,matched_minus_mismatched,0.032604735883424406,0.019398907103825132,0.0465391621129326,366,5000
qwen,generation_correct,dimension,ael,accuracy,0.7619156041287188,0.7289731329690345,0.7934900576806313,366,5000
qwen,generation_correct,dimension,ael,matched_minus_mismatched,0.032149362477231325,0.02149134790528233,0.04326047358834244,366,5000
qwen,generation_correct,dimension,rel,accuracy,0.6284153005464481,0.5976738008500303,0.6601396478445659,366,5000
qwen,generation_correct,dimension,rel,matched_minus_mismatched,0.1016393442622951,0.08114526411657558,0.12222222222222222,366,5000
qwen,generation_correct,query_language,en,accuracy,0.8157175398633257,0.802124145785877,0.8296127562642369,2195,5000
qwen,generation_correct,gui_language,en,accuracy,0.814123006833713,0.8012148823082764,0.8268033409263478,2195,5000
qwen,generation_correct,query_language,zh,accuracy,0.8010630220197418,0.7867122247532271,0.8152638572513288,2195,5000
qwen,generation_correct,gui_language,zh,accuracy,0.7863325740318906,0.7727372817008351,0.7996962794229309,2195,5000
qwen,generation_correct,query_language,fr,accuracy,0.7737281700835232,0.7590717539863325,0.7885345482156417,2195,5000
qwen,generation_correct,gui_language,fr,accuracy,0.7929384965831435,0.779498861047836,0.8061503416856493,2195,5000
qwen,generation_correct,query_language,ru,accuracy,0.774791192103265,0.7599088838268793,0.789749430523918,2195,5000
qwen,generation_correct,gui_language,ru,accuracy,0.7844343204252089,0.7706909643128322,0.7979498861047836,2195,5000
qwen,generation_correct,query_language,ja,accuracy,0.7731966590736522,0.7583883826879271,0.7887623386484434,2195,5000
qwen,generation_correct,gui_language,ja,accuracy,0.7889901290812452,0.7757004555808655,0.80250569476082,2195,5000
qwen,generation_correct,query_language,th,accuracy,0.7628701594533029,0.7466211085801062,0.7787395596051632,2195,5000
qwen,generation_correct,gui_language,th,accuracy,0.7345482156416098,0.7200455580865603,0.74958238420653,2195,5000
qwen,scoring_correct,overall,all,accuracy,0.7838395342951152,0.7707915717539864,0.796355669450772,2195,5000
qwen,scoring_correct,overall,all,matched_minus_mismatched,0.03360668185269552,0.028139331814730446,0.038997722095671976,2195,5000
qwen,scoring_correct,dimension,wf,accuracy,0.7651445966514461,0.7326484018264839,0.7985540334855403,365,5000
qwen,scoring_correct,dimension,wf,matched_minus_mismatched,0.017716894977168947,0.006573059360730593,0.0291324200913242,365,5000
qwen,scoring_correct,dimension,wi,accuracy,0.900197328476017,0.8776563448694595,0.9228142076502732,366,5000
qwen,scoring_correct,dimension,wi,matched_minus_mismatched,0.011020036429872496,0.0028233151183970867,0.019398907103825136,366,5000
qwen,scoring_correct,dimension,au,accuracy,0.8062386156648452,0.7762579690346083,0.834701350941105,366,5000
qwen,scoring_correct,dimension,au,matched_minus_mismatched,0.007377049180327867,-0.0019125683060109307,0.016942167577413444,366,5000
qwen,scoring_correct,dimension,ap,accuracy,0.8397844565877353,0.8143556466302367,0.8653612629022464,366,5000
qwen,scoring_correct,dimension,ap,matched_minus_mismatched,0.033242258652094715,0.019854280510018217,0.047358834244080154,366,5000
qwen,scoring_correct,dimension,ael,accuracy,0.7612325440194293,0.7289750303582271,0.7931864754098361,366,5000
qwen,scoring_correct,dimension,ael,matched_minus_mismatched,0.03187613843351548,0.0209471766848816,0.04316939890710382,366,5000
qwen,scoring_correct,dimension,rel,accuracy,0.6303885853066181,0.5982088646023073,0.6617334547662417,366,5000
qwen,scoring_correct,dimension,rel,matched_minus_mismatched,0.10036429872495446,0.08005464480874316,0.12067395264116577,366,5000
qwen,scoring_correct,query_language,en,accuracy,0.8160971905846622,0.8021260440394836,0.8299924069855732,2195,5000
qwen,scoring_correct,gui_language,en,accuracy,0.8141989369779802,0.8014426727410782,0.8271829916476842,2195,5000
qwen,scoring_correct,query_language,zh,accuracy,0.8012148823082763,0.7868640850417615,0.8152638572513288,2195,5000
qwen,scoring_correct,gui_language,zh,accuracy,0.7865603644646924,0.7728170083523159,0.8000759301442673,2195,5000
qwen,scoring_correct,query_language,fr,accuracy,0.7747152619589978,0.7593773728170085,0.7895216400911161,2195,5000
qwen,scoring_correct,gui_language,fr,accuracy,0.7930903568716781,0.7795747911921032,0.8066059225512529,2195,5000
qwen,scoring_correct,query_language,ru,accuracy,0.7750949126803341,0.7600588458618073,0.7900550493545937,2195,5000
qwen,scoring_correct,gui_language,ru,accuracy,0.7850417615793469,0.7718299164768413,0.7984813971146545,2195,5000
qwen,scoring_correct,query_language,ja,accuracy,0.7730447987851178,0.7584643128321945,0.7881548974943052,2195,5000
qwen,scoring_correct,gui_language,ja,accuracy,0.7892938496583144,0.7761579347000759,0.8023538344722855,2195,5000
qwen,scoring_correct,query_language,th,accuracy,0.7628701594533029,0.7468488990129082,0.7782858769931663,2195,5000
qwen,scoring_correct,gui_language,th,accuracy,0.7348519362186788,0.7201214882308276,0.7492046317388003,2195,5000
qwen,scoring_correct_token_tiebreak,overall,all,accuracy,0.7838395342951152,0.7710449886104783,0.7960392938496584,2195,5000
qwen,scoring_correct_token_tiebreak,overall,all,matched_minus_mismatched,0.03360668185269552,0.028215261958997716,0.03911921032649962,2195,5000
qwen,scoring_correct_token_tiebreak,dimension,wf,accuracy,0.7651445966514461,0.7321917808219178,0.7968036529680367,365,5000
qwen,scoring_correct_token_tiebreak,dimension,wf,matched_minus_mismatched,0.017716894977168947,0.006666666666666664,0.02867808219178079,365,5000
qwen,scoring_correct_token_tiebreak,dimension,wi,accuracy,0.900197328476017,0.875531268973892,0.9225144201578628,366,5000
qwen,scoring_correct_token_tiebreak,dimension,wi,matched_minus_mismatched,0.011020036429872496,0.00273224043715847,0.019034608378870676,366,5000
qwen,scoring_correct_token_tiebreak,dimension,au,accuracy,0.8062386156648452,0.777701882210079,0.8355399969641771,366,5000
qwen,scoring_correct_token_tiebreak,dimension,au,matched_minus_mismatched,0.007377049180327867,-0.00236794171220401,0.017213114754098358,366,5000
qwen,scoring_correct_token_tiebreak,dimension,ap,accuracy,0.8397844565877353,0.8120047814207652,0.8652872647237402,366,5000
qwen,scoring_correct_token_tiebreak,dimension,ap,matched_minus_mismatched,0.033242258652094715,0.020036429872495442,0.047358834244080134,366,5000
qwen,scoring_correct_token_tiebreak,dimension,ael,accuracy,0.7612325440194293,0.7271554341226473,0.7942471159684275,366,5000
qwen,scoring_correct_token_tiebreak,dimension,ael,matched_minus_mismatched,0.03187613843351548,0.02103825136612022,0.043171675774134756,366,5000
qwen,scoring_correct_token_tiebreak,dimension,rel,accuracy,0.6303885853066181,0.5994193989071038,0.6621129326047358,366,5000
qwen,scoring_correct_token_tiebreak,dimension,rel,matched_minus_mismatched,0.10036429872495446,0.08051001821493625,0.12167577413479053,366,5000
qwen,scoring_correct_token_tiebreak,query_language,en,accuracy,0.8160971905846622,0.8022000759301443,0.8302201974183752,2195,5000
qwen,scoring_correct_token_tiebreak,gui_language,en,accuracy,0.8141989369779802,0.8011389521640091,0.8272589217919514,2195,5000
qwen,scoring_correct_token_tiebreak,query_language,zh,accuracy,0.8012148823082763,0.786940015186029,0.8155656795747911,2195,5000
qwen,scoring_correct_token_tiebreak,gui_language,zh,accuracy,0.7865603644646924,0.7726651480637813,0.7998500379650721,2195,5000
qwen,scoring_correct_token_tiebreak,query_language,fr,accuracy,0.7747152619589978,0.7595273348519362,0.7889141989369779,2195,5000
qwen,scoring_correct_token_tiebreak,gui_language,fr,accuracy,0.7930903568716781,0.7794969627942293,0.8059984813971146,2195,5000
qwen,scoring_correct_token_tiebreak,query_language,ru,accuracy,0.7750949126803341,0.7592995444191344,0.7896753986332574,2195,5000
qwen,scoring_correct_token_tiebreak,gui_language,ru,accuracy,0.7850417615793469,0.7709927866362947,0.7985573272589218,2195,5000
qwen,scoring_correct_token_tiebreak,query_language,ja,accuracy,0.7730447987851178,0.7586921032649963,0.7875474563401671,2195,5000
qwen,scoring_correct_token_tiebreak,gui_language,ja,accuracy,0.7892938496583144,0.7757763857251329,0.8025816249050872,2195,5000
qwen,scoring_correct_token_tiebreak,query_language,th,accuracy,0.7628701594533029,0.7471507213363706,0.7779802581624905,2195,5000
qwen,scoring_correct_token_tiebreak,gui_language,th,accuracy,0.7348519362186788,0.7207289293849658,0.7492786636294608,2195,5000
qwen_minus_internvl,generation_correct,model_comparison,all,accuracy_difference,0.06571753986332574,0.05589660845355606,0.0757282966337636,2195,5000
qwen_minus_internvl,generation_correct,model_comparison,all,difference_in_matched_advantage,-0.00013667425968109584,-0.006378132118451027,0.006196279422930897,2195,5000
qwen_minus_internvl,generation_correct,model_comparison_dimension,wf,accuracy_difference,0.05753424657534246,0.03196347031963471,0.0839421613394216,365,5000
qwen_minus_internvl,generation_correct,model_comparison_dimension,wi,accuracy_difference,0.06200667880995749,0.041968351548269583,0.08234669095324833,366,5000
qwen_minus_internvl,generation_correct,model_comparison_dimension,au,accuracy_difference,0.08219489981785065,0.0573751517911354,0.10769581056466301,366,5000
qwen_minus_internvl,generation_correct,model_comparison_dimension,ap,accuracy_difference,0.019960534304796603,-0.0009107468123861559,0.041590771098967826,366,5000
qwen_minus_internvl,generation_correct,model_comparison_dimension,ael,accuracy_difference,0.06944444444444443,0.04500417425622343,0.09365513054037644,366,5000
qwen_minus_internvl,generation_correct,model_comparison_dimension,rel,accuracy_difference,0.10314207650273224,0.07665452337583485,0.13001290224650874,366,5000
qwen_minus_internvl,scoring_correct,model_comparison,all,accuracy_difference,0.0631359149582384,0.05361807137433561,0.07313433308023286,2195,5000
qwen_minus_internvl,scoring_correct,model_comparison,all,difference_in_matched_advantage,-0.0008656036446469269,-0.007487091875474565,0.0053606681852695496,2195,5000
qwen_minus_internvl,scoring_correct,model_comparison_dimension,wf,accuracy_difference,0.05517503805175037,0.030213089802130895,0.0810521308980213,365,5000
qwen_minus_internvl,scoring_correct,model_comparison_dimension,wi,accuracy_difference,0.05859137826350941,0.039615588949605346,0.07794474802671524,366,5000
qwen_minus_internvl,scoring_correct,model_comparison_dimension,au,accuracy_difference,0.075591985428051,0.05031876138433515,0.1026886004857316,366,5000
qwen_minus_internvl,scoring_correct,model_comparison_dimension,ap,accuracy_difference,0.02102307225258045,-0.0004591681845780201,0.042805100182149364,366,5000
qwen_minus_internvl,scoring_correct,model_comparison_dimension,ael,accuracy_difference,0.07050698239222827,0.04470059198542804,0.09555251973284758,366,5000
qwen_minus_internvl,scoring_correct,model_comparison_dimension,rel,accuracy_difference,0.09790528233151184,0.07065687613843352,0.125,366,5000
qwen_minus_internvl,scoring_correct_token_tiebreak,model_comparison,all,accuracy_difference,0.06599595039230574,0.0558209946848899,0.07655055682105795,2195,5000
qwen_minus_internvl,scoring_correct_token_tiebreak,model_comparison,all,difference_in_matched_advantage,-0.00028853454821564444,-0.0068496583143508,0.006074411541381926,2195,5000
qwen_minus_internvl,scoring_correct_token_tiebreak,model_comparison_dimension,wf,accuracy_difference,0.0576103500761035,0.031506849315068496,0.08439878234398783,365,5000
qwen_minus_internvl,scoring_correct_token_tiebreak,model_comparison_dimension,wi,accuracy_difference,0.06200667880995749,0.042651411657559195,0.0818154219793564,366,5000
qwen_minus_internvl,scoring_correct_token_tiebreak,model_comparison_dimension,au,accuracy_difference,0.08211900425015178,0.05600903157255616,0.10761991499696417,366,5000
qwen_minus_internvl,scoring_correct_token_tiebreak,model_comparison_dimension,ap,accuracy_difference,0.02034001214329084,-0.0008348512446873128,0.041970248937462054,366,5000
qwen_minus_internvl,scoring_correct_token_tiebreak,model_comparison_dimension,ael,accuracy_difference,0.06876138433515483,0.044395112325440196,0.09358113236187005,366,5000
qwen_minus_internvl,scoring_correct_token_tiebreak,model_comparison_dimension,rel,accuracy_difference,0.10511536126290226,0.07840012143290831,0.13099764723740132,366,5000
