parallel_id,annotator_id,display_order,text_dependency,review_flag,note,current_locale,annotation_seconds,guideline_version,manifest_sha256,created_at,updated_at
rel::2/freeform_4.png,team_consensus,1,dependent,0,,en,1559.697,pilot-v1+team-adjudication-v1,fa8f6ea6393dd5ecb60740a83bff2e50bd18934771e673d744d98e798b5af4f1,2026-08-03T03:50:24Z,2026-08-03T04:10:50Z
rel::1/booking_8.jpg,team_consensus,2,dependent,0,,en,1258.336,pilot-v1+team-adjudication-v1,fa8f6ea6393dd5ecb60740a83bff2e50bd18934771e673d744d98e798b5af4f1,2026-08-03T04:31:49Z,2026-08-03T04:31:49Z
rel::2/map_2.png,team_consensus,3,dependent,0,,en,174.661,pilot-v1+team-adjudication-v1,fa8f6ea6393dd5ecb60740a83bff2e50bd18934771e673d744d98e798b5af4f1,2026-08-03T04:34:43Z,2026-08-03T04:34:43Z
rel::5/phone_9.jpg,team_consensus,4,dependent,0,,en,19.140,pilot-v1+team-adjudication-v1,fa8f6ea6393dd5ecb60740a83bff2e50bd18934771e673d744d98e798b5af4f1,2026-08-03T04:35:03Z,2026-08-03T04:35:03Z
rel::3/note_4.jpg,team_consensus,5,dependent,0,,en,1464.745,pilot-v1+team-adjudication-v1,fa8f6ea6393dd5ecb60740a83bff2e50bd18934771e673d744d98e798b5af4f1,2026-08-03T04:35:15Z,2026-08-07T11:15:04Z
rel::6/sport_10.jpg,team_consensus,6,dependent,0,,en,159.018,pilot-v1+team-adjudication-v1,fa8f6ea6393dd5ecb60740a83bff2e50bd18934771e673d744d98e798b5af4f1,2026-08-03T04:37:54Z,2026-08-03T04:37:54Z
rel::3/homescreen_4.jpg,team_consensus,7,independent,0,,en,112.862,pilot-v1+team-adjudication-v1,fa8f6ea6393dd5ecb60740a83bff2e50bd18934771e673d744d98e798b5af4f1,2026-08-03T04:38:40Z,2026-08-07T11:16:57Z
rel::6/wallet_6.jpg,team_consensus,8,dependent,0,,en,9.932,pilot-v1+team-adjudication-v1,fa8f6ea6393dd5ecb60740a83bff2e50bd18934771e673d744d98e798b5af4f1,2026-08-03T04:38:53Z,2026-08-03T04:38:53Z
rel::3/calendar_4.jpg,team_consensus,9,dependent,0,,en,28.820,pilot-v1+team-adjudication-v1,fa8f6ea6393dd5ecb60740a83bff2e50bd18934771e673d744d98e798b5af4f1,2026-08-03T04:39:22Z,2026-08-03T04:39:22Z
rel::3/music_9.jpg,team_consensus,10,dependent,0,,en,320.283,pilot-v1+team-adjudication-v1,fa8f6ea6393dd5ecb60740a83bff2e50bd18934771e673d744d98e798b5af4f1,2026-08-03T04:44:43Z,2026-08-03T04:44:43Z
rel::2/home_5.png,team_consensus,11,dependent,0,,th,106.467,pilot-v1+team-adjudication-v1,fa8f6ea6393dd5ecb60740a83bff2e50bd18934771e673d744d98e798b5af4f1,2026-08-03T04:46:08Z,2026-08-07T11:18:44Z
rel::4/Gmail_6.jpg,team_consensus,12,dependent,0,,en,12.606,pilot-v1+team-adjudication-v1,fa8f6ea6393dd5ecb60740a83bff2e50bd18934771e673d744d98e798b5af4f1,2026-08-03T04:46:21Z,2026-08-03T04:46:21Z
rel::6/sport_8.jpg,team_consensus,13,dependent,0,,en,161.035,pilot-v1+team-adjudication-v1,fa8f6ea6393dd5ecb60740a83bff2e50bd18934771e673d744d98e798b5af4f1,2026-08-03T04:46:55Z,2026-08-07T11:21:25Z
rel::4/twitter_4.jpg,team_consensus,14,dependent,0,,en,26.695,pilot-v1+team-adjudication-v1,fa8f6ea6393dd5ecb60740a83bff2e50bd18934771e673d744d98e798b5af4f1,2026-08-03T04:47:03Z,2026-08-07T11:21:51Z
rel::6/sport_3.jpg,team_consensus,15,dependent,0,,en,246.848,pilot-v1+team-adjudication-v1,fa8f6ea6393dd5ecb60740a83bff2e50bd18934771e673d744d98e798b5af4f1,2026-08-03T04:51:10Z,2026-08-03T04:51:10Z
rel::5/file_15.jpg,team_consensus,16,dependent,0,,en,87.337,pilot-v1+team-adjudication-v1,fa8f6ea6393dd5ecb60740a83bff2e50bd18934771e673d744d98e798b5af4f1,2026-08-03T04:52:38Z,2026-08-03T04:52:38Z
rel::2/freeform_2.png,team_consensus,17,dependent,0,,en,18.090,pilot-v1+team-adjudication-v1,fa8f6ea6393dd5ecb60740a83bff2e50bd18934771e673d744d98e798b5af4f1,2026-08-03T04:52:56Z,2026-08-03T04:52:56Z
rel::4/twitter_1.jpg,team_consensus,18,dependent,0,,en,14.175,pilot-v1+team-adjudication-v1,fa8f6ea6393dd5ecb60740a83bff2e50bd18934771e673d744d98e798b5af4f1,2026-08-03T04:53:10Z,2026-08-03T04:53:10Z
rel::6/safari_2.jpg,team_consensus,19,dependent,0,,en,14.728,pilot-v1+team-adjudication-v1,fa8f6ea6393dd5ecb60740a83bff2e50bd18934771e673d744d98e798b5af4f1,2026-08-03T04:53:25Z,2026-08-03T04:53:25Z
rel::1/booking_2.jpg,team_consensus,20,dependent,0,,en,59.740,pilot-v1+team-adjudication-v1,fa8f6ea6393dd5ecb60740a83bff2e50bd18934771e673d744d98e798b5af4f1,2026-08-03T04:54:24Z,2026-08-03T04:54:24Z
rel::3/backend_2.jpg,team_consensus,21,dependent,0,,en,40.969,pilot-v1+team-adjudication-v1,fa8f6ea6393dd5ecb60740a83bff2e50bd18934771e673d744d98e798b5af4f1,2026-08-03T04:55:25Z,2026-08-07T11:22:32Z
rel::5/message_1.jpg,team_consensus,22,dependent,0,,en,14.421,pilot-v1+team-adjudication-v1,fa8f6ea6393dd5ecb60740a83bff2e50bd18934771e673d744d98e798b5af4f1,2026-08-03T04:55:39Z,2026-08-03T04:55:39Z
rel::3/settings_3.jpg,team_consensus,23,dependent,0,,en,18.640,pilot-v1+team-adjudication-v1,fa8f6ea6393dd5ecb60740a83bff2e50bd18934771e673d744d98e798b5af4f1,2026-08-03T04:55:58Z,2026-08-03T04:55:58Z
rel::1/booking_10.jpg,team_consensus,24,dependent,0,,th,63.038,pilot-v1+team-adjudication-v1,fa8f6ea6393dd5ecb60740a83bff2e50bd18934771e673d744d98e798b5af4f1,2026-08-03T04:57:01Z,2026-08-03T04:57:01Z
rel::4/twitter_5.jpg,team_consensus,25,dependent,0,,en,22.350,pilot-v1+team-adjudication-v1,fa8f6ea6393dd5ecb60740a83bff2e50bd18934771e673d744d98e798b5af4f1,2026-08-03T04:57:23Z,2026-08-03T04:57:23Z
rel::1/booking_3.jpg,team_consensus,26,dependent,0,,en,17.084,pilot-v1+team-adjudication-v1,fa8f6ea6393dd5ecb60740a83bff2e50bd18934771e673d744d98e798b5af4f1,2026-08-03T04:57:40Z,2026-08-03T04:57:40Z
rel::1/booking_4.jpg,team_consensus,27,independent,0,,en,186.228,pilot-v1+team-adjudication-v1,fa8f6ea6393dd5ecb60740a83bff2e50bd18934771e673d744d98e798b5af4f1,2026-08-03T05:02:19Z,2026-08-07T11:25:39Z
rel::1/podcast_4.jpg,team_consensus,28,dependent,0,,en,10.958,pilot-v1+team-adjudication-v1,fa8f6ea6393dd5ecb60740a83bff2e50bd18934771e673d744d98e798b5af4f1,2026-08-03T05:02:30Z,2026-08-03T05:02:30Z
rel::5/phone_1.jpg,team_consensus,29,dependent,0,,en,14.424,pilot-v1+team-adjudication-v1,fa8f6ea6393dd5ecb60740a83bff2e50bd18934771e673d744d98e798b5af4f1,2026-08-03T05:02:45Z,2026-08-03T05:02:45Z
rel::2/clock_8.png,team_consensus,30,dependent,0,,en,46.150,pilot-v1+team-adjudication-v1,fa8f6ea6393dd5ecb60740a83bff2e50bd18934771e673d744d98e798b5af4f1,2026-08-03T05:03:31Z,2026-08-03T05:03:31Z
rel::2/weather_10.png,team_consensus,31,dependent,0,,en,60.028,pilot-v1+team-adjudication-v1,fa8f6ea6393dd5ecb60740a83bff2e50bd18934771e673d744d98e798b5af4f1,2026-08-03T05:03:40Z,2026-08-07T11:26:39Z
rel::3/settings_6.jpg,team_consensus,32,dependent,0,,en,15.068,pilot-v1+team-adjudication-v1,fa8f6ea6393dd5ecb60740a83bff2e50bd18934771e673d744d98e798b5af4f1,2026-08-03T05:03:55Z,2026-08-03T05:03:55Z
rel::6/sport_7.jpg,team_consensus,33,dependent,0,,en,60.984,pilot-v1+team-adjudication-v1,fa8f6ea6393dd5ecb60740a83bff2e50bd18934771e673d744d98e798b5af4f1,2026-08-03T05:04:56Z,2026-08-03T05:04:56Z
rel::5/phone_10.jpg,team_consensus,34,dependent,0,,en,23.451,pilot-v1+team-adjudication-v1,fa8f6ea6393dd5ecb60740a83bff2e50bd18934771e673d744d98e798b5af4f1,2026-08-03T05:05:20Z,2026-08-03T05:05:20Z
rel::5/manager_5.jpg,team_consensus,35,independent,0,,ru,106.470,pilot-v1+team-adjudication-v1,fa8f6ea6393dd5ecb60740a83bff2e50bd18934771e673d744d98e798b5af4f1,2026-08-03T05:06:40Z,2026-08-07T12:18:41Z
rel::5/record_11.jpg,team_consensus,36,dependent,0,,en,8.903,pilot-v1+team-adjudication-v1,fa8f6ea6393dd5ecb60740a83bff2e50bd18934771e673d744d98e798b5af4f1,2026-08-03T05:06:49Z,2026-08-03T05:06:49Z
rel::4/Gmail_8.jpg,team_consensus,37,dependent,0,,en,41.474,pilot-v1+team-adjudication-v1,fa8f6ea6393dd5ecb60740a83bff2e50bd18934771e673d744d98e798b5af4f1,2026-08-03T05:07:30Z,2026-08-03T05:07:30Z
rel::4/twitter_9.jpg,team_consensus,38,dependent,0,,en,27.764,pilot-v1+team-adjudication-v1,fa8f6ea6393dd5ecb60740a83bff2e50bd18934771e673d744d98e798b5af4f1,2026-08-03T05:09:02Z,2026-08-07T11:28:38Z
rel::5/message_5.jpg,team_consensus,39,independent,0,,en,71.774,pilot-v1+team-adjudication-v1,fa8f6ea6393dd5ecb60740a83bff2e50bd18934771e673d744d98e798b5af4f1,2026-08-03T05:09:15Z,2026-08-07T11:29:50Z
rel::4/Gmail_5.jpg,team_consensus,40,dependent,0,,en,15.292,pilot-v1+team-adjudication-v1,fa8f6ea6393dd5ecb60740a83bff2e50bd18934771e673d744d98e798b5af4f1,2026-08-03T05:09:30Z,2026-08-03T05:09:30Z
rel::1/booking_5.jpg,team_consensus,41,dependent,0,,en,22.664,pilot-v1+team-adjudication-v1,fa8f6ea6393dd5ecb60740a83bff2e50bd18934771e673d744d98e798b5af4f1,2026-08-03T05:09:49Z,2026-08-07T11:30:13Z
rel::4/twitter_8.jpg,team_consensus,42,dependent,0,,en,18.572,pilot-v1+team-adjudication-v1,fa8f6ea6393dd5ecb60740a83bff2e50bd18934771e673d744d98e798b5af4f1,2026-08-03T05:19:33Z,2026-08-07T11:30:31Z
rel::2/map_7.png,team_consensus,43,dependent,0,,en,17.194,pilot-v1+team-adjudication-v1,fa8f6ea6393dd5ecb60740a83bff2e50bd18934771e673d744d98e798b5af4f1,2026-08-03T05:19:50Z,2026-08-03T05:19:50Z
rel::6/camera_3.jpg,team_consensus,44,independent,0,,en,96.590,pilot-v1+team-adjudication-v1,fa8f6ea6393dd5ecb60740a83bff2e50bd18934771e673d744d98e798b5af4f1,2026-08-03T05:19:56Z,2026-08-07T11:32:08Z
rel::6/safari_10.jpg,team_consensus,45,dependent,0,,en,7.451,pilot-v1+team-adjudication-v1,fa8f6ea6393dd5ecb60740a83bff2e50bd18934771e673d744d98e798b5af4f1,2026-08-03T05:20:13Z,2026-08-07T11:32:15Z
rel::3/music_2.jpg,team_consensus,46,independent,0,,en,31.046,pilot-v1+team-adjudication-v1,fa8f6ea6393dd5ecb60740a83bff2e50bd18934771e673d744d98e798b5af4f1,2026-08-03T05:20:33Z,2026-08-07T11:32:47Z
rel::1/podcast_1.jpg,team_consensus,47,dependent,0,,en,33.090,pilot-v1+team-adjudication-v1,fa8f6ea6393dd5ecb60740a83bff2e50bd18934771e673d744d98e798b5af4f1,2026-08-03T05:21:13Z,2026-08-03T05:21:13Z
rel::2/calendar_9.png,team_consensus,48,dependent,0,,en,9.492,pilot-v1+team-adjudication-v1,fa8f6ea6393dd5ecb60740a83bff2e50bd18934771e673d744d98e798b5af4f1,2026-08-03T05:21:23Z,2026-08-03T05:21:23Z
rel::5/record_13.jpg,team_consensus,49,independent,0,,en,41.970,pilot-v1+team-adjudication-v1,fa8f6ea6393dd5ecb60740a83bff2e50bd18934771e673d744d98e798b5af4f1,2026-08-03T05:21:40Z,2026-08-07T11:33:29Z
rel::2/clock_9.png,team_consensus,50,dependent,0,,en,7.230,pilot-v1+team-adjudication-v1,fa8f6ea6393dd5ecb60740a83bff2e50bd18934771e673d744d98e798b5af4f1,2026-08-03T05:21:48Z,2026-08-03T05:21:48Z
rel::3/music_3.jpg,team_consensus,51,dependent,0,,en,12.869,pilot-v1+team-adjudication-v1,fa8f6ea6393dd5ecb60740a83bff2e50bd18934771e673d744d98e798b5af4f1,2026-08-03T05:22:00Z,2026-08-03T05:22:00Z
rel::2/freeform_5.png,team_consensus,52,independent,0,,en,284.008,pilot-v1+team-adjudication-v1,fa8f6ea6393dd5ecb60740a83bff2e50bd18934771e673d744d98e798b5af4f1,2026-08-03T05:22:16Z,2026-08-07T11:38:13Z
rel::6/message_2.jpg,team_consensus,53,independent,0,,en,8.879,pilot-v1+team-adjudication-v1,fa8f6ea6393dd5ecb60740a83bff2e50bd18934771e673d744d98e798b5af4f1,2026-08-03T05:22:24Z,2026-08-07T11:38:21Z
rel::3/settings_1.jpg,team_consensus,54,dependent,0,,en,7.006,pilot-v1+team-adjudication-v1,fa8f6ea6393dd5ecb60740a83bff2e50bd18934771e673d744d98e798b5af4f1,2026-08-03T05:22:31Z,2026-08-03T05:22:31Z
rel::5/message_11.jpg,team_consensus,55,dependent,0,,en,4.817,pilot-v1+team-adjudication-v1,fa8f6ea6393dd5ecb60740a83bff2e50bd18934771e673d744d98e798b5af4f1,2026-08-03T05:22:36Z,2026-08-03T05:22:36Z
rel::6/camera_6.jpg,team_consensus,56,dependent,0,,en,11.037,pilot-v1+team-adjudication-v1,fa8f6ea6393dd5ecb60740a83bff2e50bd18934771e673d744d98e798b5af4f1,2026-08-03T05:22:47Z,2026-08-03T05:22:47Z
rel::5/manager_6.jpg,team_consensus,57,dependent,0,,en,10.457,pilot-v1+team-adjudication-v1,fa8f6ea6393dd5ecb60740a83bff2e50bd18934771e673d744d98e798b5af4f1,2026-08-03T05:22:57Z,2026-08-03T05:22:57Z
rel::5/phone_8.jpg,team_consensus,58,dependent,0,,en,12.384,pilot-v1+team-adjudication-v1,fa8f6ea6393dd5ecb60740a83bff2e50bd18934771e673d744d98e798b5af4f1,2026-08-03T05:23:10Z,2026-08-03T05:23:10Z
rel::1/podcast_5.jpg,team_consensus,59,dependent,0,,en,98.287,pilot-v1+team-adjudication-v1,fa8f6ea6393dd5ecb60740a83bff2e50bd18934771e673d744d98e798b5af4f1,2026-08-03T05:23:27Z,2026-08-07T11:40:00Z
rel::5/manager_2.jpg,team_consensus,60,dependent,0,,en,8.782,pilot-v1+team-adjudication-v1,fa8f6ea6393dd5ecb60740a83bff2e50bd18934771e673d744d98e798b5af4f1,2026-08-03T05:23:36Z,2026-08-03T05:23:36Z
rel::3/clock_8.jpg,team_consensus,61,independent,0,,zh,158.064,pilot-v1+team-adjudication-v1,fa8f6ea6393dd5ecb60740a83bff2e50bd18934771e673d744d98e798b5af4f1,2026-08-03T05:23:51Z,2026-08-07T11:42:38Z
rel::3/map_5.jpg,team_consensus,62,dependent,0,,en,17.245,pilot-v1+team-adjudication-v1,fa8f6ea6393dd5ecb60740a83bff2e50bd18934771e673d744d98e798b5af4f1,2026-08-03T05:24:57Z,2026-08-03T05:24:57Z
rel::5/forest_4.jpg,team_consensus,63,independent,0,,en,30.636,pilot-v1+team-adjudication-v1,fa8f6ea6393dd5ecb60740a83bff2e50bd18934771e673d744d98e798b5af4f1,2026-08-03T05:25:28Z,2026-08-03T05:25:28Z
rel::3/map_4.jpg,team_consensus,64,dependent,0,,en,11.260,pilot-v1+team-adjudication-v1,fa8f6ea6393dd5ecb60740a83bff2e50bd18934771e673d744d98e798b5af4f1,2026-08-03T05:25:39Z,2026-08-03T05:25:39Z
rel::2/freeform_1.png,team_consensus,65,independent,0,,en,6.579,pilot-v1+team-adjudication-v1,fa8f6ea6393dd5ecb60740a83bff2e50bd18934771e673d744d98e798b5af4f1,2026-08-03T05:25:46Z,2026-08-03T05:25:46Z
rel::2/calendar_7.png,team_consensus,66,independent,0,,en,56.531,pilot-v1+team-adjudication-v1,fa8f6ea6393dd5ecb60740a83bff2e50bd18934771e673d744d98e798b5af4f1,2026-08-03T05:27:43Z,2026-08-07T11:43:32Z
rel::1/booking_7.jpg,team_consensus,67,dependent,0,,en,6.321,pilot-v1+team-adjudication-v1,fa8f6ea6393dd5ecb60740a83bff2e50bd18934771e673d744d98e798b5af4f1,2026-08-03T05:27:49Z,2026-08-03T05:27:49Z
rel::3/note_5.jpg,team_consensus,68,dependent,0,,en,84.704,pilot-v1+team-adjudication-v1,fa8f6ea6393dd5ecb60740a83bff2e50bd18934771e673d744d98e798b5af4f1,2026-08-03T05:29:13Z,2026-08-03T05:29:16Z
rel::3/clock_7.jpg,team_consensus,69,dependent,0,,en,492.526,pilot-v1+team-adjudication-v1,fa8f6ea6393dd5ecb60740a83bff2e50bd18934771e673d744d98e798b5af4f1,2026-08-03T05:37:29Z,2026-08-03T05:37:29Z
rel::4/twitter_3.jpg,team_consensus,70,dependent,0,,en,6.739,pilot-v1+team-adjudication-v1,fa8f6ea6393dd5ecb60740a83bff2e50bd18934771e673d744d98e798b5af4f1,2026-08-03T05:37:33Z,2026-08-07T11:43:39Z
rel::4/Gmail_4.jpg,team_consensus,71,dependent,0,,en,6.892,pilot-v1+team-adjudication-v1,fa8f6ea6393dd5ecb60740a83bff2e50bd18934771e673d744d98e798b5af4f1,2026-08-03T05:37:40Z,2026-08-03T05:37:40Z
rel::5/camera_8.jpg,team_consensus,72,independent,0,,en,7.781,pilot-v1+team-adjudication-v1,fa8f6ea6393dd5ecb60740a83bff2e50bd18934771e673d744d98e798b5af4f1,2026-08-03T05:37:45Z,2026-08-07T11:43:47Z
rel::4/Youtube_4.jpg,team_consensus,73,dependent,0,,en,8.683,pilot-v1+team-adjudication-v1,fa8f6ea6393dd5ecb60740a83bff2e50bd18934771e673d744d98e798b5af4f1,2026-08-03T05:37:54Z,2026-08-03T05:37:54Z
rel::3/backend_5.jpg,team_consensus,74,independent,0,,en,16.663,pilot-v1+team-adjudication-v1,fa8f6ea6393dd5ecb60740a83bff2e50bd18934771e673d744d98e798b5af4f1,2026-08-03T05:38:00Z,2026-08-07T11:44:04Z
rel::5/file_2.jpg,team_consensus,75,dependent,0,,en,12.135,pilot-v1+team-adjudication-v1,fa8f6ea6393dd5ecb60740a83bff2e50bd18934771e673d744d98e798b5af4f1,2026-08-03T05:38:12Z,2026-08-03T05:38:12Z
rel::5/camera_3.jpg,team_consensus,76,dependent,0,,en,17.305,pilot-v1+team-adjudication-v1,fa8f6ea6393dd5ecb60740a83bff2e50bd18934771e673d744d98e798b5af4f1,2026-08-03T05:38:29Z,2026-08-03T05:38:29Z
rel::5/record_14.jpg,team_consensus,77,dependent,0,,en,13.550,pilot-v1+team-adjudication-v1,fa8f6ea6393dd5ecb60740a83bff2e50bd18934771e673d744d98e798b5af4f1,2026-08-03T05:38:43Z,2026-08-03T05:38:43Z
rel::4/twitter_2.jpg,team_consensus,78,dependent,0,,en,4.324,pilot-v1+team-adjudication-v1,fa8f6ea6393dd5ecb60740a83bff2e50bd18934771e673d744d98e798b5af4f1,2026-08-03T05:38:48Z,2026-08-07T11:44:08Z
rel::5/manager_11.jpg,team_consensus,79,dependent,0,,en,22.547,pilot-v1+team-adjudication-v1,fa8f6ea6393dd5ecb60740a83bff2e50bd18934771e673d744d98e798b5af4f1,2026-08-03T05:39:10Z,2026-08-03T05:39:10Z
rel::3/map_3.jpg,team_consensus,80,dependent,0,,en,5.378,pilot-v1+team-adjudication-v1,fa8f6ea6393dd5ecb60740a83bff2e50bd18934771e673d744d98e798b5af4f1,2026-08-03T05:39:16Z,2026-08-03T05:39:16Z
rel::5/camera_4.jpg,team_consensus,81,dependent,0,,en,5.217,pilot-v1+team-adjudication-v1,fa8f6ea6393dd5ecb60740a83bff2e50bd18934771e673d744d98e798b5af4f1,2026-08-03T05:39:21Z,2026-08-03T05:39:21Z
rel::5/file_8.jpg,team_consensus,82,dependent,0,,en,4.368,pilot-v1+team-adjudication-v1,fa8f6ea6393dd5ecb60740a83bff2e50bd18934771e673d744d98e798b5af4f1,2026-08-03T05:39:25Z,2026-08-03T05:39:25Z
rel::5/manager_1.jpg,team_consensus,83,dependent,0,,en,10.038,pilot-v1+team-adjudication-v1,fa8f6ea6393dd5ecb60740a83bff2e50bd18934771e673d744d98e798b5af4f1,2026-08-03T05:39:36Z,2026-08-07T11:44:18Z
rel::5/manager_3.jpg,team_consensus,84,independent,0,,th,68.850,pilot-v1+team-adjudication-v1,fa8f6ea6393dd5ecb60740a83bff2e50bd18934771e673d744d98e798b5af4f1,2026-08-03T05:39:45Z,2026-08-07T11:45:27Z
rel::3/note_6.jpg,team_consensus,85,independent,0,,th,22.869,pilot-v1+team-adjudication-v1,fa8f6ea6393dd5ecb60740a83bff2e50bd18934771e673d744d98e798b5af4f1,2026-08-03T05:39:48Z,2026-08-07T11:45:50Z
rel::3/clock_4.jpg,team_consensus,86,dependent,0,,en,9.833,pilot-v1+team-adjudication-v1,fa8f6ea6393dd5ecb60740a83bff2e50bd18934771e673d744d98e798b5af4f1,2026-08-03T05:39:58Z,2026-08-03T05:39:58Z
rel::5/phone_4.jpg,team_consensus,87,dependent,0,,en,2.447,pilot-v1+team-adjudication-v1,fa8f6ea6393dd5ecb60740a83bff2e50bd18934771e673d744d98e798b5af4f1,2026-08-03T05:40:01Z,2026-08-03T05:40:01Z
rel::2/note_5.png,team_consensus,88,independent,0,,en,10.428,pilot-v1+team-adjudication-v1,fa8f6ea6393dd5ecb60740a83bff2e50bd18934771e673d744d98e798b5af4f1,2026-08-03T05:40:07Z,2026-08-07T11:46:00Z
rel::6/message_10.jpg,team_consensus,89,dependent,0,,fr,34.885,pilot-v1+team-adjudication-v1,fa8f6ea6393dd5ecb60740a83bff2e50bd18934771e673d744d98e798b5af4f1,2026-08-03T05:40:18Z,2026-08-07T11:46:35Z
rel::6/wallet_8.jpg,team_consensus,90,dependent,0,,en,845.292,pilot-v1+team-adjudication-v1,fa8f6ea6393dd5ecb60740a83bff2e50bd18934771e673d744d98e798b5af4f1,2026-08-03T05:54:26Z,2026-08-03T05:54:26Z
rel::3/homescreen_5.jpg,team_consensus,91,dependent,0,,en,4.899,pilot-v1+team-adjudication-v1,fa8f6ea6393dd5ecb60740a83bff2e50bd18934771e673d744d98e798b5af4f1,2026-08-03T05:54:31Z,2026-08-03T05:54:31Z
rel::1/podcast_3.jpg,team_consensus,92,dependent,0,,en,5.319,pilot-v1+team-adjudication-v1,fa8f6ea6393dd5ecb60740a83bff2e50bd18934771e673d744d98e798b5af4f1,2026-08-03T05:54:54Z,2026-08-07T11:46:40Z
rel::2/note_10.png,team_consensus,93,dependent,0,,en,22.562,pilot-v1+team-adjudication-v1,fa8f6ea6393dd5ecb60740a83bff2e50bd18934771e673d744d98e798b5af4f1,2026-08-03T05:55:16Z,2026-08-03T05:55:16Z
rel::2/note_8.png,team_consensus,94,dependent,0,,en,3.468,pilot-v1+team-adjudication-v1,fa8f6ea6393dd5ecb60740a83bff2e50bd18934771e673d744d98e798b5af4f1,2026-08-03T05:55:20Z,2026-08-03T05:55:20Z
rel::6/camera_2.jpg,team_consensus,95,independent,0,,en,6.113,pilot-v1+team-adjudication-v1,fa8f6ea6393dd5ecb60740a83bff2e50bd18934771e673d744d98e798b5af4f1,2026-08-03T05:55:26Z,2026-08-07T11:46:47Z
rel::2/freeform_8.png,team_consensus,96,independent,0,,en,31.396,pilot-v1+team-adjudication-v1,fa8f6ea6393dd5ecb60740a83bff2e50bd18934771e673d744d98e798b5af4f1,2026-08-03T05:55:35Z,2026-08-07T11:47:18Z
rel::2/clock_2.png,team_consensus,97,dependent,0,,en,33.261,pilot-v1+team-adjudication-v1,fa8f6ea6393dd5ecb60740a83bff2e50bd18934771e673d744d98e798b5af4f1,2026-08-03T05:56:08Z,2026-08-03T05:56:08Z
rel::5/phone_18.jpg,team_consensus,98,dependent,0,,en,21.948,pilot-v1+team-adjudication-v1,fa8f6ea6393dd5ecb60740a83bff2e50bd18934771e673d744d98e798b5af4f1,2026-08-03T05:56:30Z,2026-08-03T05:56:30Z
rel::4/twitter_6.jpg,team_consensus,99,dependent,0,,en,13.619,pilot-v1+team-adjudication-v1,fa8f6ea6393dd5ecb60740a83bff2e50bd18934771e673d744d98e798b5af4f1,2026-08-03T05:56:43Z,2026-08-03T05:56:43Z
rel::6/phone_7.jpg,team_consensus,100,dependent,0,,en,9.618,pilot-v1+team-adjudication-v1,fa8f6ea6393dd5ecb60740a83bff2e50bd18934771e673d744d98e798b5af4f1,2026-08-03T05:56:53Z,2026-08-03T05:56:53Z
rel::2/note_2.png,team_consensus,101,dependent,0,,en,11.116,pilot-v1+team-adjudication-v1,fa8f6ea6393dd5ecb60740a83bff2e50bd18934771e673d744d98e798b5af4f1,2026-08-03T05:57:04Z,2026-08-03T05:57:04Z
rel::2/weather_9.png,team_consensus,102,dependent,0,,en,41.238,pilot-v1+team-adjudication-v1,fa8f6ea6393dd5ecb60740a83bff2e50bd18934771e673d744d98e798b5af4f1,2026-08-03T05:57:46Z,2026-08-03T05:57:46Z
rel::2/note_9.png,team_consensus,103,dependent,0,,en,3703.477,pilot-v1+team-adjudication-v1,fa8f6ea6393dd5ecb60740a83bff2e50bd18934771e673d744d98e798b5af4f1,2026-08-03T06:59:29Z,2026-08-03T06:59:29Z
rel::6/camera_10.jpg,team_consensus,104,independent,0,,th,48.374,pilot-v1+team-adjudication-v1,fa8f6ea6393dd5ecb60740a83bff2e50bd18934771e673d744d98e798b5af4f1,2026-08-03T06:59:49Z,2026-08-07T11:48:06Z
rel::2/weather_1.png,team_consensus,105,dependent,0,,en,33.176,pilot-v1+team-adjudication-v1,fa8f6ea6393dd5ecb60740a83bff2e50bd18934771e673d744d98e798b5af4f1,2026-08-03T07:00:32Z,2026-08-03T07:00:32Z
rel::5/file_3.jpg,team_consensus,106,dependent,0,,en,8.427,pilot-v1+team-adjudication-v1,fa8f6ea6393dd5ecb60740a83bff2e50bd18934771e673d744d98e798b5af4f1,2026-08-03T07:00:41Z,2026-08-03T07:00:41Z
rel::2/home_2.png,team_consensus,107,dependent,0,,en,52.630,pilot-v1+team-adjudication-v1,fa8f6ea6393dd5ecb60740a83bff2e50bd18934771e673d744d98e798b5af4f1,2026-08-03T07:01:00Z,2026-08-07T11:48:59Z
rel::5/record_10.jpg,team_consensus,108,dependent,0,,en,6.984,pilot-v1+team-adjudication-v1,fa8f6ea6393dd5ecb60740a83bff2e50bd18934771e673d744d98e798b5af4f1,2026-08-03T07:01:10Z,2026-08-07T11:49:06Z
rel::2/home_9.png,team_consensus,109,dependent,0,,en,10.488,pilot-v1+team-adjudication-v1,fa8f6ea6393dd5ecb60740a83bff2e50bd18934771e673d744d98e798b5af4f1,2026-08-03T07:01:20Z,2026-08-03T07:01:20Z
rel::5/record_16.jpg,team_consensus,110,dependent,0,,en,9.634,pilot-v1+team-adjudication-v1,fa8f6ea6393dd5ecb60740a83bff2e50bd18934771e673d744d98e798b5af4f1,2026-08-03T07:01:30Z,2026-08-03T07:01:30Z
rel::3/clock_1.jpg,team_consensus,111,independent,0,,en,4.342,pilot-v1+team-adjudication-v1,fa8f6ea6393dd5ecb60740a83bff2e50bd18934771e673d744d98e798b5af4f1,2026-08-03T07:01:36Z,2026-08-07T11:49:10Z
rel::5/record_20.jpg,team_consensus,112,dependent,0,,en,58.958,pilot-v1+team-adjudication-v1,fa8f6ea6393dd5ecb60740a83bff2e50bd18934771e673d744d98e798b5af4f1,2026-08-03T07:01:42Z,2026-08-07T11:50:09Z
rel::2/home_4.png,team_consensus,113,dependent,0,,en,6.875,pilot-v1+team-adjudication-v1,fa8f6ea6393dd5ecb60740a83bff2e50bd18934771e673d744d98e798b5af4f1,2026-08-03T07:01:49Z,2026-08-03T07:01:49Z
rel::6/phone_9.jpg,team_consensus,114,dependent,0,,en,8.053,pilot-v1+team-adjudication-v1,fa8f6ea6393dd5ecb60740a83bff2e50bd18934771e673d744d98e798b5af4f1,2026-08-03T07:01:57Z,2026-08-03T07:01:57Z
rel::5/phone_5.jpg,team_consensus,115,dependent,0,,en,12.195,pilot-v1+team-adjudication-v1,fa8f6ea6393dd5ecb60740a83bff2e50bd18934771e673d744d98e798b5af4f1,2026-08-03T07:02:09Z,2026-08-03T07:02:09Z
rel::5/forest_6.jpg,team_consensus,116,dependent,0,,en,5.614,pilot-v1+team-adjudication-v1,fa8f6ea6393dd5ecb60740a83bff2e50bd18934771e673d744d98e798b5af4f1,2026-08-03T07:02:18Z,2026-08-07T11:50:15Z
rel::2/setting_5.png,team_consensus,117,dependent,0,,en,18.319,pilot-v1+team-adjudication-v1,fa8f6ea6393dd5ecb60740a83bff2e50bd18934771e673d744d98e798b5af4f1,2026-08-03T07:02:37Z,2026-08-03T07:02:37Z
rel::5/message_9.jpg,team_consensus,118,dependent,0,,en,13.581,pilot-v1+team-adjudication-v1,fa8f6ea6393dd5ecb60740a83bff2e50bd18934771e673d744d98e798b5af4f1,2026-08-03T07:02:39Z,2026-08-07T11:50:29Z
rel::3/settings_8.jpg,team_consensus,119,dependent,0,,en,4.336,pilot-v1+team-adjudication-v1,fa8f6ea6393dd5ecb60740a83bff2e50bd18934771e673d744d98e798b5af4f1,2026-08-03T07:02:44Z,2026-08-03T07:02:44Z
rel::5/forest_10.jpg,team_consensus,120,independent,0,,fr,22.320,pilot-v1+team-adjudication-v1,fa8f6ea6393dd5ecb60740a83bff2e50bd18934771e673d744d98e798b5af4f1,2026-08-03T07:02:57Z,2026-08-07T11:50:51Z
rel::2/clock_1.png,team_consensus,121,dependent,0,,en,8.511,pilot-v1+team-adjudication-v1,fa8f6ea6393dd5ecb60740a83bff2e50bd18934771e673d744d98e798b5af4f1,2026-08-03T07:03:06Z,2026-08-03T07:03:06Z
rel::5/phone_17.jpg,team_consensus,122,dependent,0,,en,4.032,pilot-v1+team-adjudication-v1,fa8f6ea6393dd5ecb60740a83bff2e50bd18934771e673d744d98e798b5af4f1,2026-08-03T07:03:10Z,2026-08-03T07:03:10Z
rel::5/record_9.jpg,team_consensus,123,independent,0,,ru,46.909,pilot-v1+team-adjudication-v1,fa8f6ea6393dd5ecb60740a83bff2e50bd18934771e673d744d98e798b5af4f1,2026-08-03T07:03:15Z,2026-08-07T12:19:15Z
rel::3/map_1.jpg,team_consensus,124,dependent,0,,en,8.932,pilot-v1+team-adjudication-v1,fa8f6ea6393dd5ecb60740a83bff2e50bd18934771e673d744d98e798b5af4f1,2026-08-03T07:03:24Z,2026-08-03T07:03:24Z
rel::5/file_1.jpg,team_consensus,125,dependent,0,,en,6.000,pilot-v1+team-adjudication-v1,fa8f6ea6393dd5ecb60740a83bff2e50bd18934771e673d744d98e798b5af4f1,2026-08-03T07:03:30Z,2026-08-03T07:03:30Z
rel::4/google_play_3.jpg,team_consensus,126,dependent,0,,en,18.699,pilot-v1+team-adjudication-v1,fa8f6ea6393dd5ecb60740a83bff2e50bd18934771e673d744d98e798b5af4f1,2026-08-03T07:03:48Z,2026-08-03T07:03:48Z
rel::6/message_1.jpg,team_consensus,127,independent,0,,en,33.695,pilot-v1+team-adjudication-v1,fa8f6ea6393dd5ecb60740a83bff2e50bd18934771e673d744d98e798b5af4f1,2026-08-03T07:03:56Z,2026-08-07T11:51:48Z
rel::5/record_8.jpg,team_consensus,128,dependent,0,,en,11.960,pilot-v1+team-adjudication-v1,fa8f6ea6393dd5ecb60740a83bff2e50bd18934771e673d744d98e798b5af4f1,2026-08-03T07:04:08Z,2026-08-03T07:04:08Z
rel::5/phone_2.jpg,team_consensus,129,dependent,0,,en,127.056,pilot-v1+team-adjudication-v1,fa8f6ea6393dd5ecb60740a83bff2e50bd18934771e673d744d98e798b5af4f1,2026-08-03T07:06:15Z,2026-08-03T07:06:15Z
rel::5/camera_10.jpg,team_consensus,130,dependent,0,,en,4.251,pilot-v1+team-adjudication-v1,fa8f6ea6393dd5ecb60740a83bff2e50bd18934771e673d744d98e798b5af4f1,2026-08-03T07:06:24Z,2026-08-07T11:51:53Z
rel::5/phone_13.jpg,team_consensus,131,dependent,0,,en,11.376,pilot-v1+team-adjudication-v1,fa8f6ea6393dd5ecb60740a83bff2e50bd18934771e673d744d98e798b5af4f1,2026-08-03T07:06:36Z,2026-08-03T07:06:36Z
rel::4/Youtube_5.jpg,team_consensus,132,dependent,0,,en,746.963,pilot-v1+team-adjudication-v1,fa8f6ea6393dd5ecb60740a83bff2e50bd18934771e673d744d98e798b5af4f1,2026-08-03T07:37:55Z,2026-08-03T07:37:55Z
rel::2/map_4.png,team_consensus,133,independent,0,,en,54.054,pilot-v1+team-adjudication-v1,fa8f6ea6393dd5ecb60740a83bff2e50bd18934771e673d744d98e798b5af4f1,2026-08-03T07:38:04Z,2026-08-07T12:19:18Z
rel::3/clock_10.jpg,team_consensus,134,dependent,0,,en,5.926,pilot-v1+team-adjudication-v1,fa8f6ea6393dd5ecb60740a83bff2e50bd18934771e673d744d98e798b5af4f1,2026-08-03T07:38:10Z,2026-08-03T07:38:10Z
rel::2/home_6.png,team_consensus,135,independent,0,,en,11.790,pilot-v1+team-adjudication-v1,fa8f6ea6393dd5ecb60740a83bff2e50bd18934771e673d744d98e798b5af4f1,2026-08-03T07:38:22Z,2026-08-07T11:52:58Z
rel::3/backend_3.jpg,team_consensus,136,independent,0,,en,15.067,pilot-v1+team-adjudication-v1,fa8f6ea6393dd5ecb60740a83bff2e50bd18934771e673d744d98e798b5af4f1,2026-08-03T07:38:38Z,2026-08-03T07:38:38Z
rel::3/calendar_3.jpg,team_consensus,137,independent,0,,en,21.438,pilot-v1+team-adjudication-v1,fa8f6ea6393dd5ecb60740a83bff2e50bd18934771e673d744d98e798b5af4f1,2026-08-03T07:38:59Z,2026-08-03T07:38:59Z
rel::2/weather_8.png,team_consensus,138,dependent,0,,en,4.797,pilot-v1+team-adjudication-v1,fa8f6ea6393dd5ecb60740a83bff2e50bd18934771e673d744d98e798b5af4f1,2026-08-03T07:39:04Z,2026-08-03T07:39:04Z
rel::6/sport_9.jpg,team_consensus,139,dependent,0,,en,13.062,pilot-v1+team-adjudication-v1,fa8f6ea6393dd5ecb60740a83bff2e50bd18934771e673d744d98e798b5af4f1,2026-08-03T07:39:17Z,2026-08-03T07:39:17Z
rel::2/map_5.png,team_consensus,140,dependent,0,,en,31.357,pilot-v1+team-adjudication-v1,fa8f6ea6393dd5ecb60740a83bff2e50bd18934771e673d744d98e798b5af4f1,2026-08-03T07:40:03Z,2026-08-03T07:40:03Z
rel::3/music_4.jpg,team_consensus,141,dependent,0,,en,18.086,pilot-v1+team-adjudication-v1,fa8f6ea6393dd5ecb60740a83bff2e50bd18934771e673d744d98e798b5af4f1,2026-08-03T07:40:21Z,2026-08-03T07:40:21Z
rel::5/record_17.jpg,team_consensus,142,dependent,0,,en,7.004,pilot-v1+team-adjudication-v1,fa8f6ea6393dd5ecb60740a83bff2e50bd18934771e673d744d98e798b5af4f1,2026-08-03T07:40:28Z,2026-08-03T07:40:28Z
rel::5/forest_5.jpg,team_consensus,143,dependent,0,,en,8.364,pilot-v1+team-adjudication-v1,fa8f6ea6393dd5ecb60740a83bff2e50bd18934771e673d744d98e798b5af4f1,2026-08-03T07:40:37Z,2026-08-07T11:53:06Z
rel::6/wallet_2.jpg,team_consensus,144,dependent,0,,en,16.201,pilot-v1+team-adjudication-v1,fa8f6ea6393dd5ecb60740a83bff2e50bd18934771e673d744d98e798b5af4f1,2026-08-03T07:40:53Z,2026-08-03T07:40:53Z
rel::2/home_3.png,team_consensus,145,dependent,0,,en,8.658,pilot-v1+team-adjudication-v1,fa8f6ea6393dd5ecb60740a83bff2e50bd18934771e673d744d98e798b5af4f1,2026-08-03T07:41:02Z,2026-08-03T07:41:02Z
rel::3/map_9.jpg,team_consensus,146,dependent,0,,en,786.415,pilot-v1+team-adjudication-v1,fa8f6ea6393dd5ecb60740a83bff2e50bd18934771e673d744d98e798b5af4f1,2026-08-03T07:54:08Z,2026-08-03T07:54:08Z
rel::2/setting_8.png,team_consensus,147,dependent,0,,en,10.600,pilot-v1+team-adjudication-v1,fa8f6ea6393dd5ecb60740a83bff2e50bd18934771e673d744d98e798b5af4f1,2026-08-03T07:54:19Z,2026-08-03T07:54:19Z
rel::6/camera_7.jpg,team_consensus,148,independent,0,,ru,8.630,pilot-v1+team-adjudication-v1,fa8f6ea6393dd5ecb60740a83bff2e50bd18934771e673d744d98e798b5af4f1,2026-08-03T07:54:23Z,2026-08-07T11:53:15Z
rel::5/file_6.jpg,team_consensus,149,dependent,0,,en,9.926,pilot-v1+team-adjudication-v1,fa8f6ea6393dd5ecb60740a83bff2e50bd18934771e673d744d98e798b5af4f1,2026-08-03T07:54:33Z,2026-08-03T07:54:33Z
rel::5/camera_6.jpg,team_consensus,150,dependent,0,,en,6.595,pilot-v1+team-adjudication-v1,fa8f6ea6393dd5ecb60740a83bff2e50bd18934771e673d744d98e798b5af4f1,2026-08-03T07:54:39Z,2026-08-03T07:54:39Z
rel::3/settings_5.jpg,team_consensus,151,dependent,0,,en,3.980,pilot-v1+team-adjudication-v1,fa8f6ea6393dd5ecb60740a83bff2e50bd18934771e673d744d98e798b5af4f1,2026-08-03T07:54:43Z,2026-08-03T07:54:43Z
rel::5/message_10.jpg,team_consensus,152,dependent,0,,en,2.276,pilot-v1+team-adjudication-v1,fa8f6ea6393dd5ecb60740a83bff2e50bd18934771e673d744d98e798b5af4f1,2026-08-03T07:54:46Z,2026-08-03T07:54:46Z
rel::6/sport_5.jpg,team_consensus,153,dependent,0,,en,14.853,pilot-v1+team-adjudication-v1,fa8f6ea6393dd5ecb60740a83bff2e50bd18934771e673d744d98e798b5af4f1,2026-08-03T07:55:01Z,2026-08-03T07:55:01Z
rel::3/music_5.jpg,team_consensus,154,dependent,0,,en,2.615,pilot-v1+team-adjudication-v1,fa8f6ea6393dd5ecb60740a83bff2e50bd18934771e673d744d98e798b5af4f1,2026-08-03T07:55:43Z,2026-08-07T11:53:18Z
rel::5/record_3.jpg,team_consensus,155,dependent,0,,en,11.946,pilot-v1+team-adjudication-v1,fa8f6ea6393dd5ecb60740a83bff2e50bd18934771e673d744d98e798b5af4f1,2026-08-03T07:55:55Z,2026-08-03T07:55:55Z
rel::3/homescreen_3.jpg,team_consensus,156,dependent,0,,en,34.034,pilot-v1+team-adjudication-v1,fa8f6ea6393dd5ecb60740a83bff2e50bd18934771e673d744d98e798b5af4f1,2026-08-03T07:56:03Z,2026-08-07T11:53:52Z
rel::3/backend_1.jpg,team_consensus,157,dependent,0,,en,2.104,pilot-v1+team-adjudication-v1,fa8f6ea6393dd5ecb60740a83bff2e50bd18934771e673d744d98e798b5af4f1,2026-08-03T07:56:45Z,2026-08-07T11:53:54Z
rel::4/Youtube_3.jpg,team_consensus,158,independent,0,,en,40.575,pilot-v1+team-adjudication-v1,fa8f6ea6393dd5ecb60740a83bff2e50bd18934771e673d744d98e798b5af4f1,2026-08-03T07:56:58Z,2026-08-07T11:54:34Z
rel::2/home_1.png,team_consensus,159,independent,0,,en,4.802,pilot-v1+team-adjudication-v1,fa8f6ea6393dd5ecb60740a83bff2e50bd18934771e673d744d98e798b5af4f1,2026-08-03T07:57:02Z,2026-08-07T11:54:39Z
rel::6/health_6.jpg,team_consensus,160,dependent,0,,en,10.977,pilot-v1+team-adjudication-v1,fa8f6ea6393dd5ecb60740a83bff2e50bd18934771e673d744d98e798b5af4f1,2026-08-03T07:57:13Z,2026-08-03T07:57:13Z
rel::2/weather_2.png,team_consensus,161,dependent,0,,en,33.208,pilot-v1+team-adjudication-v1,fa8f6ea6393dd5ecb60740a83bff2e50bd18934771e673d744d98e798b5af4f1,2026-08-03T07:57:27Z,2026-08-07T11:55:12Z
rel::5/camera_9.jpg,team_consensus,162,dependent,0,,en,7.313,pilot-v1+team-adjudication-v1,fa8f6ea6393dd5ecb60740a83bff2e50bd18934771e673d744d98e798b5af4f1,2026-08-04T11:46:32Z,2026-08-04T11:46:32Z
rel::2/weather_3.png,team_consensus,163,dependent,0,,en,9.079,pilot-v1+team-adjudication-v1,fa8f6ea6393dd5ecb60740a83bff2e50bd18934771e673d744d98e798b5af4f1,2026-08-04T11:46:41Z,2026-08-04T11:46:41Z
rel::2/setting_11.png,team_consensus,164,dependent,0,,en,12.240,pilot-v1+team-adjudication-v1,fa8f6ea6393dd5ecb60740a83bff2e50bd18934771e673d744d98e798b5af4f1,2026-08-04T11:46:53Z,2026-08-04T11:46:53Z
rel::5/forest_13.jpg,team_consensus,165,dependent,0,,en,3.224,pilot-v1+team-adjudication-v1,fa8f6ea6393dd5ecb60740a83bff2e50bd18934771e673d744d98e798b5af4f1,2026-08-04T11:46:57Z,2026-08-04T11:46:57Z
rel::5/manager_10.jpg,team_consensus,166,dependent,0,,en,11.931,pilot-v1+team-adjudication-v1,fa8f6ea6393dd5ecb60740a83bff2e50bd18934771e673d744d98e798b5af4f1,2026-08-04T11:47:09Z,2026-08-04T11:47:09Z
rel::2/setting_9.png,team_consensus,167,dependent,0,,en,40.537,pilot-v1+team-adjudication-v1,fa8f6ea6393dd5ecb60740a83bff2e50bd18934771e673d744d98e798b5af4f1,2026-08-04T11:47:10Z,2026-08-07T11:55:53Z
rel::3/note_1.jpg,team_consensus,168,independent,0,,en,3.704,pilot-v1+team-adjudication-v1,fa8f6ea6393dd5ecb60740a83bff2e50bd18934771e673d744d98e798b5af4f1,2026-08-04T11:47:13Z,2026-08-07T11:55:57Z
rel::2/map_6.png,team_consensus,169,dependent,0,,en,5.974,pilot-v1+team-adjudication-v1,fa8f6ea6393dd5ecb60740a83bff2e50bd18934771e673d744d98e798b5af4f1,2026-08-04T11:47:19Z,2026-08-04T11:47:19Z
rel::5/record_19.jpg,team_consensus,170,dependent,0,,en,2.776,pilot-v1+team-adjudication-v1,fa8f6ea6393dd5ecb60740a83bff2e50bd18934771e673d744d98e798b5af4f1,2026-08-04T11:47:30Z,2026-08-07T11:56:00Z
rel::6/wallet_1.jpg,team_consensus,171,dependent,0,,en,16.872,pilot-v1+team-adjudication-v1,fa8f6ea6393dd5ecb60740a83bff2e50bd18934771e673d744d98e798b5af4f1,2026-08-04T11:47:47Z,2026-08-04T11:47:47Z
rel::3/calendar_1.jpg,team_consensus,172,dependent,0,,en,47.647,pilot-v1+team-adjudication-v1,fa8f6ea6393dd5ecb60740a83bff2e50bd18934771e673d744d98e798b5af4f1,2026-08-04T11:48:35Z,2026-08-04T11:48:35Z
rel::3/clock_5.jpg,team_consensus,173,dependent,0,,en,11.078,pilot-v1+team-adjudication-v1,fa8f6ea6393dd5ecb60740a83bff2e50bd18934771e673d744d98e798b5af4f1,2026-08-04T11:48:46Z,2026-08-04T11:48:46Z
rel::4/twitter_7.jpg,team_consensus,174,dependent,0,,en,1.644,pilot-v1+team-adjudication-v1,fa8f6ea6393dd5ecb60740a83bff2e50bd18934771e673d744d98e798b5af4f1,2026-08-04T11:48:47Z,2026-08-04T11:48:47Z
rel::2/calendar_4.png,team_consensus,175,dependent,0,,en,9.239,pilot-v1+team-adjudication-v1,fa8f6ea6393dd5ecb60740a83bff2e50bd18934771e673d744d98e798b5af4f1,2026-08-04T11:48:57Z,2026-08-04T11:48:57Z
rel::1/booking_1.jpg,team_consensus,176,dependent,0,,en,1.876,pilot-v1+team-adjudication-v1,fa8f6ea6393dd5ecb60740a83bff2e50bd18934771e673d744d98e798b5af4f1,2026-08-04T11:49:05Z,2026-08-07T11:56:01Z
rel::5/camera_12.jpg,team_consensus,177,dependent,0,,en,4.739,pilot-v1+team-adjudication-v1,fa8f6ea6393dd5ecb60740a83bff2e50bd18934771e673d744d98e798b5af4f1,2026-08-04T11:49:10Z,2026-08-04T11:49:10Z
rel::6/camera_8.jpg,team_consensus,178,dependent,0,,en,4.038,pilot-v1+team-adjudication-v1,fa8f6ea6393dd5ecb60740a83bff2e50bd18934771e673d744d98e798b5af4f1,2026-08-04T11:49:14Z,2026-08-04T11:49:14Z
rel::5/record_18.jpg,team_consensus,179,dependent,0,,en,6.697,pilot-v1+team-adjudication-v1,fa8f6ea6393dd5ecb60740a83bff2e50bd18934771e673d744d98e798b5af4f1,2026-08-04T11:49:20Z,2026-08-04T11:49:20Z
rel::3/backend_8.jpg,team_consensus,180,dependent,0,,en,4.149,pilot-v1+team-adjudication-v1,fa8f6ea6393dd5ecb60740a83bff2e50bd18934771e673d744d98e798b5af4f1,2026-08-04T11:49:25Z,2026-08-04T11:49:25Z
rel::4/google_play_10.jpg,team_consensus,181,dependent,0,,en,5.455,pilot-v1+team-adjudication-v1,fa8f6ea6393dd5ecb60740a83bff2e50bd18934771e673d744d98e798b5af4f1,2026-08-04T11:49:30Z,2026-08-04T11:49:30Z
rel::3/calendar_2.jpg,team_consensus,182,dependent,0,,en,8.405,pilot-v1+team-adjudication-v1,fa8f6ea6393dd5ecb60740a83bff2e50bd18934771e673d744d98e798b5af4f1,2026-08-04T11:49:39Z,2026-08-04T11:49:39Z
rel::5/camera_13.jpg,team_consensus,183,dependent,0,,en,7.270,pilot-v1+team-adjudication-v1,fa8f6ea6393dd5ecb60740a83bff2e50bd18934771e673d744d98e798b5af4f1,2026-08-04T11:49:46Z,2026-08-04T11:49:46Z
rel::2/map_3.png,team_consensus,184,dependent,0,,en,9.717,pilot-v1+team-adjudication-v1,fa8f6ea6393dd5ecb60740a83bff2e50bd18934771e673d744d98e798b5af4f1,2026-08-04T11:49:56Z,2026-08-04T11:49:56Z
rel::3/settings_2.jpg,team_consensus,185,dependent,0,,en,6.820,pilot-v1+team-adjudication-v1,fa8f6ea6393dd5ecb60740a83bff2e50bd18934771e673d744d98e798b5af4f1,2026-08-04T11:50:02Z,2026-08-04T11:50:02Z
rel::2/setting_2.png,team_consensus,186,dependent,0,,en,1.703,pilot-v1+team-adjudication-v1,fa8f6ea6393dd5ecb60740a83bff2e50bd18934771e673d744d98e798b5af4f1,2026-08-04T11:50:04Z,2026-08-04T11:50:04Z
rel::6/phone_1.jpg,team_consensus,187,independent,0,,en,2.960,pilot-v1+team-adjudication-v1,fa8f6ea6393dd5ecb60740a83bff2e50bd18934771e673d744d98e798b5af4f1,2026-08-04T11:50:07Z,2026-08-07T11:56:04Z
rel::3/music_6.jpg,team_consensus,188,independent,0,,en,19.336,pilot-v1+team-adjudication-v1,fa8f6ea6393dd5ecb60740a83bff2e50bd18934771e673d744d98e798b5af4f1,2026-08-04T11:50:26Z,2026-08-04T11:50:26Z
rel::3/map_10.jpg,team_consensus,189,dependent,0,,en,1.418,pilot-v1+team-adjudication-v1,fa8f6ea6393dd5ecb60740a83bff2e50bd18934771e673d744d98e798b5af4f1,2026-08-04T11:50:34Z,2026-08-07T11:56:06Z
rel::1/booking_6.jpg,team_consensus,190,dependent,0,,en,1.851,pilot-v1+team-adjudication-v1,fa8f6ea6393dd5ecb60740a83bff2e50bd18934771e673d744d98e798b5af4f1,2026-08-04T11:50:43Z,2026-08-07T11:56:08Z
rel::5/camera_5.jpg,team_consensus,191,dependent,0,,en,4.877,pilot-v1+team-adjudication-v1,fa8f6ea6393dd5ecb60740a83bff2e50bd18934771e673d744d98e798b5af4f1,2026-08-04T11:50:47Z,2026-08-04T11:50:47Z
rel::4/Gmail_9.jpg,team_consensus,192,dependent,0,,en,2.553,pilot-v1+team-adjudication-v1,fa8f6ea6393dd5ecb60740a83bff2e50bd18934771e673d744d98e798b5af4f1,2026-08-04T11:50:50Z,2026-08-04T11:50:50Z
rel::3/backend_9.jpg,team_consensus,193,dependent,0,,en,4.234,pilot-v1+team-adjudication-v1,fa8f6ea6393dd5ecb60740a83bff2e50bd18934771e673d744d98e798b5af4f1,2026-08-04T11:50:54Z,2026-08-04T11:50:54Z
rel::6/safari_3.jpg,team_consensus,194,dependent,0,,en,4.638,pilot-v1+team-adjudication-v1,fa8f6ea6393dd5ecb60740a83bff2e50bd18934771e673d744d98e798b5af4f1,2026-08-04T11:50:59Z,2026-08-04T11:50:59Z
rel::2/calendar_1.png,team_consensus,195,dependent,0,,en,61.591,pilot-v1+team-adjudication-v1,fa8f6ea6393dd5ecb60740a83bff2e50bd18934771e673d744d98e798b5af4f1,2026-08-04T11:51:22Z,2026-08-07T11:57:09Z
rel::6/message_3.jpg,team_consensus,196,dependent,0,,en,61.771,pilot-v1+team-adjudication-v1,fa8f6ea6393dd5ecb60740a83bff2e50bd18934771e673d744d98e798b5af4f1,2026-08-04T11:51:29Z,2026-08-07T11:58:11Z
rel::5/file_13.jpg,team_consensus,197,dependent,0,,en,1.514,pilot-v1+team-adjudication-v1,fa8f6ea6393dd5ecb60740a83bff2e50bd18934771e673d744d98e798b5af4f1,2026-08-04T11:51:30Z,2026-08-04T11:51:30Z
rel::5/camera_2.jpg,team_consensus,198,dependent,0,,en,6.129,pilot-v1+team-adjudication-v1,fa8f6ea6393dd5ecb60740a83bff2e50bd18934771e673d744d98e798b5af4f1,2026-08-04T11:51:36Z,2026-08-04T11:51:36Z
rel::3/note_9.jpg,team_consensus,199,dependent,0,,en,100.308,pilot-v1+team-adjudication-v1,fa8f6ea6393dd5ecb60740a83bff2e50bd18934771e673d744d98e798b5af4f1,2026-08-04T11:53:17Z,2026-08-04T11:53:17Z
rel::6/sport_4.jpg,team_consensus,200,dependent,0,,en,16.087,pilot-v1+team-adjudication-v1,fa8f6ea6393dd5ecb60740a83bff2e50bd18934771e673d744d98e798b5af4f1,2026-08-04T11:53:31Z,2026-08-07T11:58:27Z
rel::5/file_4.jpg,team_consensus,201,dependent,0,,en,1.867,pilot-v1+team-adjudication-v1,fa8f6ea6393dd5ecb60740a83bff2e50bd18934771e673d744d98e798b5af4f1,2026-08-04T11:53:33Z,2026-08-04T11:53:33Z
rel::5/phone_7.jpg,team_consensus,202,dependent,0,,en,9.525,pilot-v1+team-adjudication-v1,fa8f6ea6393dd5ecb60740a83bff2e50bd18934771e673d744d98e798b5af4f1,2026-08-04T11:53:43Z,2026-08-04T11:53:43Z
rel::5/forest_12.jpg,team_consensus,203,dependent,0,,en,2.334,pilot-v1+team-adjudication-v1,fa8f6ea6393dd5ecb60740a83bff2e50bd18934771e673d744d98e798b5af4f1,2026-08-04T11:53:45Z,2026-08-04T11:53:45Z
rel::3/map_7.jpg,team_consensus,204,dependent,0,,en,2.216,pilot-v1+team-adjudication-v1,fa8f6ea6393dd5ecb60740a83bff2e50bd18934771e673d744d98e798b5af4f1,2026-08-04T11:53:47Z,2026-08-04T11:53:47Z
rel::5/forest_2.jpg,team_consensus,205,dependent,0,,en,2.979,pilot-v1+team-adjudication-v1,fa8f6ea6393dd5ecb60740a83bff2e50bd18934771e673d744d98e798b5af4f1,2026-08-04T11:53:50Z,2026-08-04T11:53:50Z
rel::3/homescreen_9.jpg,team_consensus,206,dependent,0,,en,4.110,pilot-v1+team-adjudication-v1,fa8f6ea6393dd5ecb60740a83bff2e50bd18934771e673d744d98e798b5af4f1,2026-08-04T11:53:54Z,2026-08-04T11:53:54Z
rel::6/health_8.jpg,team_consensus,207,independent,0,,en,18.666,pilot-v1+team-adjudication-v1,fa8f6ea6393dd5ecb60740a83bff2e50bd18934771e673d744d98e798b5af4f1,2026-08-04T11:53:56Z,2026-08-07T11:58:46Z
rel::3/map_6.jpg,team_consensus,208,dependent,0,,en,4.413,pilot-v1+team-adjudication-v1,fa8f6ea6393dd5ecb60740a83bff2e50bd18934771e673d744d98e798b5af4f1,2026-08-04T11:54:01Z,2026-08-04T11:54:01Z
rel::3/note_8.jpg,team_consensus,209,dependent,0,,en,27.926,pilot-v1+team-adjudication-v1,fa8f6ea6393dd5ecb60740a83bff2e50bd18934771e673d744d98e798b5af4f1,2026-08-04T11:54:29Z,2026-08-04T11:54:29Z
rel::3/settings_9.jpg,team_consensus,210,dependent,0,,en,9.046,pilot-v1+team-adjudication-v1,fa8f6ea6393dd5ecb60740a83bff2e50bd18934771e673d744d98e798b5af4f1,2026-08-04T11:54:38Z,2026-08-04T11:54:38Z
rel::2/setting_3.png,team_consensus,211,dependent,0,,en,31.671,pilot-v1+team-adjudication-v1,fa8f6ea6393dd5ecb60740a83bff2e50bd18934771e673d744d98e798b5af4f1,2026-08-04T11:55:09Z,2026-08-04T11:55:09Z
rel::2/clock_10.png,team_consensus,212,dependent,0,,en,25.018,pilot-v1+team-adjudication-v1,fa8f6ea6393dd5ecb60740a83bff2e50bd18934771e673d744d98e798b5af4f1,2026-08-04T11:55:34Z,2026-08-04T11:55:34Z
rel::4/Youtube_2.jpg,team_consensus,213,dependent,0,,en,15.051,pilot-v1+team-adjudication-v1,fa8f6ea6393dd5ecb60740a83bff2e50bd18934771e673d744d98e798b5af4f1,2026-08-04T11:55:49Z,2026-08-04T11:55:49Z
rel::2/calendar_2.png,team_consensus,214,dependent,0,,en,2.505,pilot-v1+team-adjudication-v1,fa8f6ea6393dd5ecb60740a83bff2e50bd18934771e673d744d98e798b5af4f1,2026-08-04T11:55:52Z,2026-08-04T11:55:52Z
rel::3/map_8.jpg,team_consensus,215,dependent,0,,en,5.882,pilot-v1+team-adjudication-v1,fa8f6ea6393dd5ecb60740a83bff2e50bd18934771e673d744d98e798b5af4f1,2026-08-04T11:55:58Z,2026-08-04T11:55:58Z
rel::6/sport_2.jpg,team_consensus,216,dependent,0,,en,6.817,pilot-v1+team-adjudication-v1,fa8f6ea6393dd5ecb60740a83bff2e50bd18934771e673d744d98e798b5af4f1,2026-08-04T11:56:04Z,2026-08-07T11:58:53Z
rel::5/file_7.jpg,team_consensus,217,dependent,0,,en,14.521,pilot-v1+team-adjudication-v1,fa8f6ea6393dd5ecb60740a83bff2e50bd18934771e673d744d98e798b5af4f1,2026-08-04T11:56:18Z,2026-08-04T11:56:18Z
rel::3/settings_10.jpg,team_consensus,218,dependent,0,,en,20.514,pilot-v1+team-adjudication-v1,fa8f6ea6393dd5ecb60740a83bff2e50bd18934771e673d744d98e798b5af4f1,2026-08-04T11:56:39Z,2026-08-04T11:56:39Z
rel::5/message_8.jpg,team_consensus,219,independent,0,,en,14.794,pilot-v1+team-adjudication-v1,fa8f6ea6393dd5ecb60740a83bff2e50bd18934771e673d744d98e798b5af4f1,2026-08-04T11:56:44Z,2026-08-07T11:59:08Z
rel::2/map_8.png,team_consensus,220,dependent,0,,en,2.023,pilot-v1+team-adjudication-v1,fa8f6ea6393dd5ecb60740a83bff2e50bd18934771e673d744d98e798b5af4f1,2026-08-04T11:56:47Z,2026-08-04T11:56:47Z
rel::6/record_1.jpg,team_consensus,221,dependent,0,,en,7.765,pilot-v1+team-adjudication-v1,fa8f6ea6393dd5ecb60740a83bff2e50bd18934771e673d744d98e798b5af4f1,2026-08-04T11:56:54Z,2026-08-04T11:56:54Z
rel::2/calendar_10.png,team_consensus,222,dependent,0,,en,138.888,pilot-v1+team-adjudication-v1,fa8f6ea6393dd5ecb60740a83bff2e50bd18934771e673d744d98e798b5af4f1,2026-08-04T11:59:13Z,2026-08-04T11:59:13Z
rel::2/setting_7.png,team_consensus,223,dependent,0,,en,29.715,pilot-v1+team-adjudication-v1,fa8f6ea6393dd5ecb60740a83bff2e50bd18934771e673d744d98e798b5af4f1,2026-08-04T11:59:43Z,2026-08-04T11:59:43Z
rel::2/freeform_6.png,team_consensus,224,dependent,0,,en,2.802,pilot-v1+team-adjudication-v1,fa8f6ea6393dd5ecb60740a83bff2e50bd18934771e673d744d98e798b5af4f1,2026-08-04T11:59:48Z,2026-08-07T11:59:10Z
rel::3/music_10.jpg,team_consensus,225,dependent,0,,en,8.213,pilot-v1+team-adjudication-v1,fa8f6ea6393dd5ecb60740a83bff2e50bd18934771e673d744d98e798b5af4f1,2026-08-04T12:00:15Z,2026-08-04T12:00:15Z
rel::5/camera_11.jpg,team_consensus,226,dependent,0,,en,2.834,pilot-v1+team-adjudication-v1,fa8f6ea6393dd5ecb60740a83bff2e50bd18934771e673d744d98e798b5af4f1,2026-08-04T12:00:17Z,2026-08-07T11:59:13Z
rel::4/google_play_4.jpg,team_consensus,227,dependent,0,,en,9.329,pilot-v1+team-adjudication-v1,fa8f6ea6393dd5ecb60740a83bff2e50bd18934771e673d744d98e798b5af4f1,2026-08-04T12:00:30Z,2026-08-04T12:00:30Z
rel::2/setting_1.png,team_consensus,228,dependent,0,,en,6.550,pilot-v1+team-adjudication-v1,fa8f6ea6393dd5ecb60740a83bff2e50bd18934771e673d744d98e798b5af4f1,2026-08-04T12:00:36Z,2026-08-04T12:00:36Z
rel::3/note_10.jpg,team_consensus,229,dependent,0,,en,11.286,pilot-v1+team-adjudication-v1,fa8f6ea6393dd5ecb60740a83bff2e50bd18934771e673d744d98e798b5af4f1,2026-08-04T12:00:48Z,2026-08-04T12:00:48Z
rel::3/map_2.jpg,team_consensus,230,dependent,0,,en,4.429,pilot-v1+team-adjudication-v1,fa8f6ea6393dd5ecb60740a83bff2e50bd18934771e673d744d98e798b5af4f1,2026-08-04T12:00:52Z,2026-08-04T12:00:52Z
rel::4/google_play_5.jpg,team_consensus,231,dependent,0,,en,6.370,pilot-v1+team-adjudication-v1,fa8f6ea6393dd5ecb60740a83bff2e50bd18934771e673d744d98e798b5af4f1,2026-08-04T12:00:59Z,2026-08-04T12:00:59Z
rel::5/forest_1.jpg,team_consensus,232,dependent,0,,en,12.569,pilot-v1+team-adjudication-v1,fa8f6ea6393dd5ecb60740a83bff2e50bd18934771e673d744d98e798b5af4f1,2026-08-04T12:01:11Z,2026-08-04T12:01:11Z
rel::2/note_3.png,team_consensus,233,dependent,0,,en,8.551,pilot-v1+team-adjudication-v1,fa8f6ea6393dd5ecb60740a83bff2e50bd18934771e673d744d98e798b5af4f1,2026-08-04T12:01:19Z,2026-08-07T11:59:22Z
rel::2/map_9.png,team_consensus,234,dependent,0,,en,41447.739,pilot-v1+team-adjudication-v1,fa8f6ea6393dd5ecb60740a83bff2e50bd18934771e673d744d98e798b5af4f1,2026-08-05T01:59:42Z,2026-08-05T01:59:42Z
rel::5/manager_7.jpg,team_consensus,235,dependent,0,,en,33.030,pilot-v1+team-adjudication-v1,fa8f6ea6393dd5ecb60740a83bff2e50bd18934771e673d744d98e798b5af4f1,2026-08-05T02:00:15Z,2026-08-05T02:00:15Z
rel::3/music_7.jpg,team_consensus,236,dependent,0,,en,4.185,pilot-v1+team-adjudication-v1,fa8f6ea6393dd5ecb60740a83bff2e50bd18934771e673d744d98e798b5af4f1,2026-08-05T02:00:19Z,2026-08-05T02:00:19Z
rel::6/record_5.jpg,team_consensus,237,dependent,0,,en,1.693,pilot-v1+team-adjudication-v1,fa8f6ea6393dd5ecb60740a83bff2e50bd18934771e673d744d98e798b5af4f1,2026-08-05T02:00:21Z,2026-08-07T11:59:24Z
rel::5/file_12.jpg,team_consensus,238,dependent,0,,en,15.858,pilot-v1+team-adjudication-v1,fa8f6ea6393dd5ecb60740a83bff2e50bd18934771e673d744d98e798b5af4f1,2026-08-05T02:00:26Z,2026-08-07T11:59:39Z
rel::4/Youtube_7.jpg,team_consensus,239,dependent,0,,en,10.890,pilot-v1+team-adjudication-v1,fa8f6ea6393dd5ecb60740a83bff2e50bd18934771e673d744d98e798b5af4f1,2026-08-05T02:00:37Z,2026-08-05T02:00:37Z
rel::2/home_7.png,team_consensus,240,dependent,0,,en,5.709,pilot-v1+team-adjudication-v1,fa8f6ea6393dd5ecb60740a83bff2e50bd18934771e673d744d98e798b5af4f1,2026-08-05T02:00:42Z,2026-08-05T02:00:42Z
rel::5/phone_6.jpg,team_consensus,241,dependent,0,,en,14.965,pilot-v1+team-adjudication-v1,fa8f6ea6393dd5ecb60740a83bff2e50bd18934771e673d744d98e798b5af4f1,2026-08-05T02:00:57Z,2026-08-05T02:00:57Z
rel::4/twitter_10.jpg,team_consensus,242,independent,0,,ru,23.439,pilot-v1+team-adjudication-v1,fa8f6ea6393dd5ecb60740a83bff2e50bd18934771e673d744d98e798b5af4f1,2026-08-05T02:01:05Z,2026-08-07T12:00:03Z
rel::2/weather_6.png,team_consensus,243,dependent,0,,en,13.793,pilot-v1+team-adjudication-v1,fa8f6ea6393dd5ecb60740a83bff2e50bd18934771e673d744d98e798b5af4f1,2026-08-05T02:05:32Z,2026-08-07T12:00:17Z
rel::2/note_1.png,team_consensus,244,dependent,0,,en,8.596,pilot-v1+team-adjudication-v1,fa8f6ea6393dd5ecb60740a83bff2e50bd18934771e673d744d98e798b5af4f1,2026-08-05T02:05:40Z,2026-08-05T02:05:40Z
rel::2/calendar_8.png,team_consensus,245,dependent,0,,en,46.507,pilot-v1+team-adjudication-v1,fa8f6ea6393dd5ecb60740a83bff2e50bd18934771e673d744d98e798b5af4f1,2026-08-05T02:06:27Z,2026-08-05T02:06:27Z
rel::5/record_6.jpg,team_consensus,246,independent,0,,en,12.953,pilot-v1+team-adjudication-v1,fa8f6ea6393dd5ecb60740a83bff2e50bd18934771e673d744d98e798b5af4f1,2026-08-05T02:06:45Z,2026-08-07T12:00:30Z
rel::5/manager_9.jpg,team_consensus,247,dependent,0,,en,6.184,pilot-v1+team-adjudication-v1,fa8f6ea6393dd5ecb60740a83bff2e50bd18934771e673d744d98e798b5af4f1,2026-08-05T02:06:52Z,2026-08-05T02:06:52Z
rel::5/manager_8.jpg,team_consensus,248,dependent,0,,en,9.450,pilot-v1+team-adjudication-v1,fa8f6ea6393dd5ecb60740a83bff2e50bd18934771e673d744d98e798b5af4f1,2026-08-05T02:07:01Z,2026-08-05T02:07:01Z
rel::3/note_3.jpg,team_consensus,249,independent,0,,ru,21.284,pilot-v1+team-adjudication-v1,fa8f6ea6393dd5ecb60740a83bff2e50bd18934771e673d744d98e798b5af4f1,2026-08-05T02:08:18Z,2026-08-07T12:00:51Z
rel::5/forest_11.jpg,team_consensus,250,dependent,0,,en,10.998,pilot-v1+team-adjudication-v1,fa8f6ea6393dd5ecb60740a83bff2e50bd18934771e673d744d98e798b5af4f1,2026-08-05T02:08:29Z,2026-08-05T02:08:29Z
rel::2/clock_4.png,team_consensus,251,dependent,0,,en,13.950,pilot-v1+team-adjudication-v1,fa8f6ea6393dd5ecb60740a83bff2e50bd18934771e673d744d98e798b5af4f1,2026-08-05T02:09:22Z,2026-08-07T12:01:05Z
rel::6/phone_10.jpg,team_consensus,252,independent,0,,en,4.556,pilot-v1+team-adjudication-v1,fa8f6ea6393dd5ecb60740a83bff2e50bd18934771e673d744d98e798b5af4f1,2026-08-05T02:09:24Z,2026-08-07T12:01:09Z
rel::3/note_7.jpg,team_consensus,253,dependent,0,,en,9.179,pilot-v1+team-adjudication-v1,fa8f6ea6393dd5ecb60740a83bff2e50bd18934771e673d744d98e798b5af4f1,2026-08-05T02:09:33Z,2026-08-05T02:09:33Z
rel::5/message_12.jpg,team_consensus,254,dependent,0,,en,665.853,pilot-v1+team-adjudication-v1,fa8f6ea6393dd5ecb60740a83bff2e50bd18934771e673d744d98e798b5af4f1,2026-08-05T02:20:39Z,2026-08-05T02:20:39Z
rel::5/record_12.jpg,team_consensus,255,dependent,0,,en,2.517,pilot-v1+team-adjudication-v1,fa8f6ea6393dd5ecb60740a83bff2e50bd18934771e673d744d98e798b5af4f1,2026-08-05T02:20:42Z,2026-08-07T12:01:12Z
rel::6/phone_2.jpg,team_consensus,256,independent,0,,en,5.133,pilot-v1+team-adjudication-v1,fa8f6ea6393dd5ecb60740a83bff2e50bd18934771e673d744d98e798b5af4f1,2026-08-05T02:20:45Z,2026-08-07T12:01:17Z
rel::2/freeform_9.png,team_consensus,257,dependent,0,,en,5.961,pilot-v1+team-adjudication-v1,fa8f6ea6393dd5ecb60740a83bff2e50bd18934771e673d744d98e798b5af4f1,2026-08-05T02:20:51Z,2026-08-05T02:20:51Z
rel::3/clock_3.jpg,team_consensus,258,dependent,0,,en,3.784,pilot-v1+team-adjudication-v1,fa8f6ea6393dd5ecb60740a83bff2e50bd18934771e673d744d98e798b5af4f1,2026-08-05T02:20:55Z,2026-08-05T02:20:55Z
rel::5/file_16.jpg,team_consensus,259,dependent,0,,en,70.310,pilot-v1+team-adjudication-v1,fa8f6ea6393dd5ecb60740a83bff2e50bd18934771e673d744d98e798b5af4f1,2026-08-05T02:22:05Z,2026-08-05T02:22:05Z
rel::5/message_4.jpg,team_consensus,260,dependent,0,,en,1.938,pilot-v1+team-adjudication-v1,fa8f6ea6393dd5ecb60740a83bff2e50bd18934771e673d744d98e798b5af4f1,2026-08-05T02:22:07Z,2026-08-05T02:22:07Z
rel::4/Youtube_1.jpg,team_consensus,261,dependent,0,,en,3.816,pilot-v1+team-adjudication-v1,fa8f6ea6393dd5ecb60740a83bff2e50bd18934771e673d744d98e798b5af4f1,2026-08-05T02:22:11Z,2026-08-05T02:22:11Z
rel::4/google_play_6.jpg,team_consensus,262,dependent,0,,en,1.882,pilot-v1+team-adjudication-v1,fa8f6ea6393dd5ecb60740a83bff2e50bd18934771e673d744d98e798b5af4f1,2026-08-05T02:22:14Z,2026-08-07T12:01:19Z
rel::6/health_7.jpg,team_consensus,263,dependent,0,,en,4.246,pilot-v1+team-adjudication-v1,fa8f6ea6393dd5ecb60740a83bff2e50bd18934771e673d744d98e798b5af4f1,2026-08-05T02:22:18Z,2026-08-05T02:22:18Z
rel::3/calendar_5.jpg,team_consensus,264,dependent,0,,en,26.743,pilot-v1+team-adjudication-v1,fa8f6ea6393dd5ecb60740a83bff2e50bd18934771e673d744d98e798b5af4f1,2026-08-05T02:22:45Z,2026-08-05T02:22:45Z
rel::6/health_10.jpg,team_consensus,265,dependent,0,,en,34.729,pilot-v1+team-adjudication-v1,fa8f6ea6393dd5ecb60740a83bff2e50bd18934771e673d744d98e798b5af4f1,2026-08-05T02:23:20Z,2026-08-05T02:23:20Z
rel::2/calendar_6.png,team_consensus,266,dependent,0,,en,8.618,pilot-v1+team-adjudication-v1,fa8f6ea6393dd5ecb60740a83bff2e50bd18934771e673d744d98e798b5af4f1,2026-08-05T02:23:29Z,2026-08-05T02:23:29Z
rel::2/weather_5.png,team_consensus,267,independent,0,,ja,68.942,pilot-v1+team-adjudication-v1,fa8f6ea6393dd5ecb60740a83bff2e50bd18934771e673d744d98e798b5af4f1,2026-08-05T02:25:40Z,2026-08-07T12:19:47Z
rel::1/podcast_2.jpg,team_consensus,268,dependent,0,,en,74.685,pilot-v1+team-adjudication-v1,fa8f6ea6393dd5ecb60740a83bff2e50bd18934771e673d744d98e798b5af4f1,2026-08-05T02:27:04Z,2026-08-05T02:27:04Z
rel::3/settings_4.jpg,team_consensus,269,dependent,0,,en,1.678,pilot-v1+team-adjudication-v1,fa8f6ea6393dd5ecb60740a83bff2e50bd18934771e673d744d98e798b5af4f1,2026-08-05T02:27:06Z,2026-08-05T02:27:06Z
rel::6/wallet_4.jpg,team_consensus,270,independent,0,,ja,40.310,pilot-v1+team-adjudication-v1,fa8f6ea6393dd5ecb60740a83bff2e50bd18934771e673d744d98e798b5af4f1,2026-08-05T02:27:09Z,2026-08-07T12:02:46Z
rel::3/homescreen_2.jpg,team_consensus,271,independent,0,,zh,41.976,pilot-v1+team-adjudication-v1,fa8f6ea6393dd5ecb60740a83bff2e50bd18934771e673d744d98e798b5af4f1,2026-08-05T02:27:26Z,2026-08-07T12:03:28Z
rel::6/camera_4.jpg,team_consensus,272,dependent,0,,en,10.426,pilot-v1+team-adjudication-v1,fa8f6ea6393dd5ecb60740a83bff2e50bd18934771e673d744d98e798b5af4f1,2026-08-05T02:27:41Z,2026-08-05T02:27:41Z
rel::2/calendar_3.png,team_consensus,273,dependent,0,,en,8.275,pilot-v1+team-adjudication-v1,fa8f6ea6393dd5ecb60740a83bff2e50bd18934771e673d744d98e798b5af4f1,2026-08-05T02:27:50Z,2026-08-05T02:27:50Z
rel::5/file_5.jpg,team_consensus,274,independent,0,,en,2.432,pilot-v1+team-adjudication-v1,fa8f6ea6393dd5ecb60740a83bff2e50bd18934771e673d744d98e798b5af4f1,2026-08-05T02:27:57Z,2026-08-07T12:03:30Z
rel::5/message_3.jpg,team_consensus,275,dependent,0,,en,18.179,pilot-v1+team-adjudication-v1,fa8f6ea6393dd5ecb60740a83bff2e50bd18934771e673d744d98e798b5af4f1,2026-08-05T02:28:15Z,2026-08-05T02:28:15Z
rel::6/wallet_7.jpg,team_consensus,276,dependent,0,,en,1.868,pilot-v1+team-adjudication-v1,fa8f6ea6393dd5ecb60740a83bff2e50bd18934771e673d744d98e798b5af4f1,2026-08-05T02:28:17Z,2026-08-05T02:28:17Z
rel::3/backend_10.jpg,team_consensus,277,dependent,0,,en,4.290,pilot-v1+team-adjudication-v1,fa8f6ea6393dd5ecb60740a83bff2e50bd18934771e673d744d98e798b5af4f1,2026-08-05T02:28:21Z,2026-08-07T12:03:35Z
rel::2/setting_4.png,team_consensus,278,dependent,0,,en,9.731,pilot-v1+team-adjudication-v1,fa8f6ea6393dd5ecb60740a83bff2e50bd18934771e673d744d98e798b5af4f1,2026-08-05T02:28:31Z,2026-08-05T02:28:31Z
rel::6/phone_5.jpg,team_consensus,279,dependent,0,,en,356.695,pilot-v1+team-adjudication-v1,fa8f6ea6393dd5ecb60740a83bff2e50bd18934771e673d744d98e798b5af4f1,2026-08-05T02:34:27Z,2026-08-05T02:34:27Z
rel::6/phone_4.jpg,team_consensus,280,dependent,0,,en,22.959,pilot-v1+team-adjudication-v1,fa8f6ea6393dd5ecb60740a83bff2e50bd18934771e673d744d98e798b5af4f1,2026-08-05T02:34:50Z,2026-08-05T02:34:50Z
rel::5/record_7.jpg,team_consensus,281,dependent,0,,en,7.036,pilot-v1+team-adjudication-v1,fa8f6ea6393dd5ecb60740a83bff2e50bd18934771e673d744d98e798b5af4f1,2026-08-05T02:34:58Z,2026-08-05T02:34:58Z
rel::6/sport_6.jpg,team_consensus,282,independent,0,,en,5.942,pilot-v1+team-adjudication-v1,fa8f6ea6393dd5ecb60740a83bff2e50bd18934771e673d744d98e798b5af4f1,2026-08-05T02:35:08Z,2026-08-07T12:03:40Z
rel::3/homescreen_8.jpg,team_consensus,283,dependent,0,,en,3.734,pilot-v1+team-adjudication-v1,fa8f6ea6393dd5ecb60740a83bff2e50bd18934771e673d744d98e798b5af4f1,2026-08-05T02:35:27Z,2026-08-07T12:03:44Z
rel::4/Youtube_9.jpg,team_consensus,284,dependent,0,,en,169.766,pilot-v1+team-adjudication-v1,fa8f6ea6393dd5ecb60740a83bff2e50bd18934771e673d744d98e798b5af4f1,2026-08-05T02:38:17Z,2026-08-05T02:38:17Z
rel::5/file_9.jpg,team_consensus,285,independent,0,,en,2.847,pilot-v1+team-adjudication-v1,fa8f6ea6393dd5ecb60740a83bff2e50bd18934771e673d744d98e798b5af4f1,2026-08-05T02:38:21Z,2026-08-07T12:03:47Z
rel::2/freeform_7.png,team_consensus,286,independent,0,,en,30.729,pilot-v1+team-adjudication-v1,fa8f6ea6393dd5ecb60740a83bff2e50bd18934771e673d744d98e798b5af4f1,2026-08-05T02:38:30Z,2026-08-07T12:04:18Z
rel::6/camera_1.jpg,team_consensus,287,dependent,0,,en,18.716,pilot-v1+team-adjudication-v1,fa8f6ea6393dd5ecb60740a83bff2e50bd18934771e673d744d98e798b5af4f1,2026-08-05T02:38:49Z,2026-08-05T02:38:49Z
rel::6/health_3.jpg,team_consensus,288,dependent,0,,en,13.704,pilot-v1+team-adjudication-v1,fa8f6ea6393dd5ecb60740a83bff2e50bd18934771e673d744d98e798b5af4f1,2026-08-05T02:39:02Z,2026-08-05T02:39:02Z
rel::2/weather_4.png,team_consensus,289,dependent,0,,en,3.373,pilot-v1+team-adjudication-v1,fa8f6ea6393dd5ecb60740a83bff2e50bd18934771e673d744d98e798b5af4f1,2026-08-05T02:39:06Z,2026-08-07T12:04:21Z
rel::3/clock_2.jpg,team_consensus,290,dependent,0,,en,1.888,pilot-v1+team-adjudication-v1,fa8f6ea6393dd5ecb60740a83bff2e50bd18934771e673d744d98e798b5af4f1,2026-08-05T02:39:07Z,2026-08-05T02:39:07Z
rel::2/home_8.png,team_consensus,291,dependent,0,,en,6.141,pilot-v1+team-adjudication-v1,fa8f6ea6393dd5ecb60740a83bff2e50bd18934771e673d744d98e798b5af4f1,2026-08-05T02:39:14Z,2026-08-05T02:39:14Z
rel::5/phone_16.jpg,team_consensus,292,independent,0,,en,7.993,pilot-v1+team-adjudication-v1,fa8f6ea6393dd5ecb60740a83bff2e50bd18934771e673d744d98e798b5af4f1,2026-08-05T02:39:38Z,2026-08-07T12:04:29Z
rel::3/homescreen_1.jpg,team_consensus,293,independent,0,,en,24.085,pilot-v1+team-adjudication-v1,fa8f6ea6393dd5ecb60740a83bff2e50bd18934771e673d744d98e798b5af4f1,2026-08-05T02:39:52Z,2026-08-07T12:04:53Z
rel::6/safari_5.jpg,team_consensus,294,dependent,0,,en,4.720,pilot-v1+team-adjudication-v1,fa8f6ea6393dd5ecb60740a83bff2e50bd18934771e673d744d98e798b5af4f1,2026-08-05T02:40:09Z,2026-08-07T12:04:58Z
rel::2/map_10.png,team_consensus,295,independent,0,,en,8.074,pilot-v1+team-adjudication-v1,fa8f6ea6393dd5ecb60740a83bff2e50bd18934771e673d744d98e798b5af4f1,2026-08-05T02:40:17Z,2026-08-05T02:40:17Z
rel::2/setting_10.png,team_consensus,296,dependent,0,,en,11.038,pilot-v1+team-adjudication-v1,fa8f6ea6393dd5ecb60740a83bff2e50bd18934771e673d744d98e798b5af4f1,2026-08-05T02:40:28Z,2026-08-05T02:40:28Z
rel::6/health_9.jpg,team_consensus,297,dependent,0,,en,4.986,pilot-v1+team-adjudication-v1,fa8f6ea6393dd5ecb60740a83bff2e50bd18934771e673d744d98e798b5af4f1,2026-08-05T02:40:33Z,2026-08-05T02:40:33Z
rel::5/file_17.jpg,team_consensus,298,dependent,0,,en,4.403,pilot-v1+team-adjudication-v1,fa8f6ea6393dd5ecb60740a83bff2e50bd18934771e673d744d98e798b5af4f1,2026-08-05T02:40:37Z,2026-08-05T02:40:37Z
rel::5/forest_7.jpg,team_consensus,299,dependent,0,,en,9.350,pilot-v1+team-adjudication-v1,fa8f6ea6393dd5ecb60740a83bff2e50bd18934771e673d744d98e798b5af4f1,2026-08-05T02:40:47Z,2026-08-05T02:40:47Z
rel::6/wallet_3.jpg,team_consensus,300,dependent,0,,en,8.457,pilot-v1+team-adjudication-v1,fa8f6ea6393dd5ecb60740a83bff2e50bd18934771e673d744d98e798b5af4f1,2026-08-05T02:40:55Z,2026-08-05T02:40:55Z
rel::3/homescreen_7.jpg,team_consensus,301,dependent,0,,en,10.887,pilot-v1+team-adjudication-v1,fa8f6ea6393dd5ecb60740a83bff2e50bd18934771e673d744d98e798b5af4f1,2026-08-05T02:41:12Z,2026-08-07T12:05:09Z
rel::2/clock_3.png,team_consensus,302,independent,0,,th,48.201,pilot-v1+team-adjudication-v1,fa8f6ea6393dd5ecb60740a83bff2e50bd18934771e673d744d98e798b5af4f1,2026-08-05T02:41:29Z,2026-08-07T12:05:57Z
rel::5/phone_14.jpg,team_consensus,303,independent,0,,en,29.629,pilot-v1+team-adjudication-v1,fa8f6ea6393dd5ecb60740a83bff2e50bd18934771e673d744d98e798b5af4f1,2026-08-05T02:41:41Z,2026-08-07T12:06:27Z
rel::2/note_11.png,team_consensus,304,dependent,0,,en,18.777,pilot-v1+team-adjudication-v1,fa8f6ea6393dd5ecb60740a83bff2e50bd18934771e673d744d98e798b5af4f1,2026-08-05T02:42:00Z,2026-08-05T02:42:00Z
rel::3/backend_7.jpg,team_consensus,305,dependent,0,,en,5.361,pilot-v1+team-adjudication-v1,fa8f6ea6393dd5ecb60740a83bff2e50bd18934771e673d744d98e798b5af4f1,2026-08-05T02:42:05Z,2026-08-05T02:42:05Z
rel::5/forest_9.jpg,team_consensus,306,dependent,0,,en,330.451,pilot-v1+team-adjudication-v1,fa8f6ea6393dd5ecb60740a83bff2e50bd18934771e673d744d98e798b5af4f1,2026-08-05T02:47:36Z,2026-08-05T02:47:36Z
rel::6/camera_9.jpg,team_consensus,307,dependent,0,,en,35.570,pilot-v1+team-adjudication-v1,fa8f6ea6393dd5ecb60740a83bff2e50bd18934771e673d744d98e798b5af4f1,2026-08-05T02:47:45Z,2026-08-07T12:07:02Z
rel::3/clock_9.jpg,team_consensus,308,dependent,0,,en,28.672,pilot-v1+team-adjudication-v1,fa8f6ea6393dd5ecb60740a83bff2e50bd18934771e673d744d98e798b5af4f1,2026-08-05T02:48:16Z,2026-08-05T02:48:16Z
rel::5/camera_7.jpg,team_consensus,309,dependent,0,,en,7.895,pilot-v1+team-adjudication-v1,fa8f6ea6393dd5ecb60740a83bff2e50bd18934771e673d744d98e798b5af4f1,2026-08-05T02:48:24Z,2026-08-05T02:48:24Z
rel::5/forest_8.jpg,team_consensus,310,dependent,0,,en,5.620,pilot-v1+team-adjudication-v1,fa8f6ea6393dd5ecb60740a83bff2e50bd18934771e673d744d98e798b5af4f1,2026-08-05T02:48:30Z,2026-08-05T02:48:30Z
rel::3/music_8.jpg,team_consensus,311,dependent,0,,en,8.412,pilot-v1+team-adjudication-v1,fa8f6ea6393dd5ecb60740a83bff2e50bd18934771e673d744d98e798b5af4f1,2026-08-05T02:48:38Z,2026-08-05T02:48:38Z
rel::5/message_2.jpg,team_consensus,312,dependent,0,,en,11.103,pilot-v1+team-adjudication-v1,fa8f6ea6393dd5ecb60740a83bff2e50bd18934771e673d744d98e798b5af4f1,2026-08-05T02:48:49Z,2026-08-05T02:48:49Z
rel::2/freeform_3.png,team_consensus,313,dependent,0,,en,5.831,pilot-v1+team-adjudication-v1,fa8f6ea6393dd5ecb60740a83bff2e50bd18934771e673d744d98e798b5af4f1,2026-08-05T02:48:55Z,2026-08-05T02:48:55Z
rel::5/message_6.jpg,team_consensus,314,dependent,0,,en,13.477,pilot-v1+team-adjudication-v1,fa8f6ea6393dd5ecb60740a83bff2e50bd18934771e673d744d98e798b5af4f1,2026-08-05T02:49:10Z,2026-08-07T12:07:16Z
rel::5/message_7.jpg,team_consensus,315,dependent,0,,en,34.891,pilot-v1+team-adjudication-v1,fa8f6ea6393dd5ecb60740a83bff2e50bd18934771e673d744d98e798b5af4f1,2026-08-05T02:49:45Z,2026-08-05T02:49:45Z
rel::5/phone_3.jpg,team_consensus,316,dependent,0,,en,169.359,pilot-v1+team-adjudication-v1,fa8f6ea6393dd5ecb60740a83bff2e50bd18934771e673d744d98e798b5af4f1,2026-08-05T02:52:34Z,2026-08-05T02:52:34Z
rel::5/file_11.jpg,team_consensus,317,dependent,0,,en,66.060,pilot-v1+team-adjudication-v1,fa8f6ea6393dd5ecb60740a83bff2e50bd18934771e673d744d98e798b5af4f1,2026-08-05T02:53:40Z,2026-08-05T02:53:40Z
rel::5/record_5.jpg,team_consensus,318,dependent,0,,en,5.071,pilot-v1+team-adjudication-v1,fa8f6ea6393dd5ecb60740a83bff2e50bd18934771e673d744d98e798b5af4f1,2026-08-05T02:53:46Z,2026-08-07T12:07:21Z
rel::5/camera_14.jpg,team_consensus,319,dependent,0,,en,2.643,pilot-v1+team-adjudication-v1,fa8f6ea6393dd5ecb60740a83bff2e50bd18934771e673d744d98e798b5af4f1,2026-08-05T02:53:48Z,2026-08-05T02:53:48Z
rel::2/note_4.png,team_consensus,320,dependent,0,,en,3.059,pilot-v1+team-adjudication-v1,fa8f6ea6393dd5ecb60740a83bff2e50bd18934771e673d744d98e798b5af4f1,2026-08-05T02:53:51Z,2026-08-05T02:53:51Z
rel::6/health_2.jpg,team_consensus,321,dependent,0,,en,10.676,pilot-v1+team-adjudication-v1,fa8f6ea6393dd5ecb60740a83bff2e50bd18934771e673d744d98e798b5af4f1,2026-08-05T02:54:02Z,2026-08-05T02:54:02Z
rel::3/homescreen_6.jpg,team_consensus,322,dependent,0,,en,3.555,pilot-v1+team-adjudication-v1,fa8f6ea6393dd5ecb60740a83bff2e50bd18934771e673d744d98e798b5af4f1,2026-08-05T02:54:28Z,2026-08-07T12:07:25Z
rel::6/message_7.jpg,team_consensus,323,independent,0,,th,125.091,pilot-v1+team-adjudication-v1,fa8f6ea6393dd5ecb60740a83bff2e50bd18934771e673d744d98e798b5af4f1,2026-08-05T02:54:34Z,2026-08-07T12:20:40Z
rel::3/backend_4.jpg,team_consensus,324,independent,0,,en,13.882,pilot-v1+team-adjudication-v1,fa8f6ea6393dd5ecb60740a83bff2e50bd18934771e673d744d98e798b5af4f1,2026-08-05T02:54:55Z,2026-08-07T12:08:57Z
rel::6/safari_7.jpg,team_consensus,325,dependent,0,,en,3.953,pilot-v1+team-adjudication-v1,fa8f6ea6393dd5ecb60740a83bff2e50bd18934771e673d744d98e798b5af4f1,2026-08-05T02:54:59Z,2026-08-05T02:54:59Z
rel::2/clock_6.png,team_consensus,326,dependent,0,,en,5.359,pilot-v1+team-adjudication-v1,fa8f6ea6393dd5ecb60740a83bff2e50bd18934771e673d744d98e798b5af4f1,2026-08-05T02:55:04Z,2026-08-05T02:55:04Z
rel::6/sport_1.jpg,team_consensus,327,dependent,0,,en,17.524,pilot-v1+team-adjudication-v1,fa8f6ea6393dd5ecb60740a83bff2e50bd18934771e673d744d98e798b5af4f1,2026-08-05T02:55:22Z,2026-08-05T02:55:22Z
rel::2/setting_6.png,team_consensus,328,dependent,0,,en,3.933,pilot-v1+team-adjudication-v1,fa8f6ea6393dd5ecb60740a83bff2e50bd18934771e673d744d98e798b5af4f1,2026-08-05T02:55:26Z,2026-08-05T02:55:26Z
rel::5/manager_4.jpg,team_consensus,329,dependent,0,,en,43.120,pilot-v1+team-adjudication-v1,fa8f6ea6393dd5ecb60740a83bff2e50bd18934771e673d744d98e798b5af4f1,2026-08-05T02:56:09Z,2026-08-05T02:56:09Z
rel::5/phone_15.jpg,team_consensus,330,dependent,0,,en,2.162,pilot-v1+team-adjudication-v1,fa8f6ea6393dd5ecb60740a83bff2e50bd18934771e673d744d98e798b5af4f1,2026-08-05T02:56:11Z,2026-08-05T02:56:11Z
rel::5/camera_1.jpg,team_consensus,331,dependent,0,,en,10.151,pilot-v1+team-adjudication-v1,fa8f6ea6393dd5ecb60740a83bff2e50bd18934771e673d744d98e798b5af4f1,2026-08-05T02:56:21Z,2026-08-05T02:56:21Z
rel::5/file_14.jpg,team_consensus,332,dependent,0,,en,44.471,pilot-v1+team-adjudication-v1,fa8f6ea6393dd5ecb60740a83bff2e50bd18934771e673d744d98e798b5af4f1,2026-08-05T02:57:06Z,2026-08-05T02:57:06Z
rel::2/calendar_5.png,team_consensus,333,dependent,0,,en,3.462,pilot-v1+team-adjudication-v1,fa8f6ea6393dd5ecb60740a83bff2e50bd18934771e673d744d98e798b5af4f1,2026-08-05T02:57:22Z,2026-08-07T12:09:00Z
rel::2/freeform_11.png,team_consensus,334,dependent,0,,en,8.249,pilot-v1+team-adjudication-v1,fa8f6ea6393dd5ecb60740a83bff2e50bd18934771e673d744d98e798b5af4f1,2026-08-05T02:57:30Z,2026-08-05T02:57:30Z
rel::6/health_4.jpg,team_consensus,335,independent,0,,en,14.586,pilot-v1+team-adjudication-v1,fa8f6ea6393dd5ecb60740a83bff2e50bd18934771e673d744d98e798b5af4f1,2026-08-05T02:57:45Z,2026-08-05T02:57:45Z
rel::2/clock_5.png,team_consensus,336,dependent,0,,en,7.013,pilot-v1+team-adjudication-v1,fa8f6ea6393dd5ecb60740a83bff2e50bd18934771e673d744d98e798b5af4f1,2026-08-05T02:57:52Z,2026-08-05T02:57:52Z
rel::3/clock_6.jpg,team_consensus,337,dependent,0,,en,64.797,pilot-v1+team-adjudication-v1,fa8f6ea6393dd5ecb60740a83bff2e50bd18934771e673d744d98e798b5af4f1,2026-08-05T02:58:56Z,2026-08-05T02:58:56Z
rel::5/phone_12.jpg,team_consensus,338,dependent,0,,en,5.737,pilot-v1+team-adjudication-v1,fa8f6ea6393dd5ecb60740a83bff2e50bd18934771e673d744d98e798b5af4f1,2026-08-05T02:59:02Z,2026-08-05T02:59:02Z
rel::5/forest_3.jpg,team_consensus,339,dependent,0,,en,21.744,pilot-v1+team-adjudication-v1,fa8f6ea6393dd5ecb60740a83bff2e50bd18934771e673d744d98e798b5af4f1,2026-08-05T02:59:24Z,2026-08-05T02:59:24Z
rel::5/file_10.jpg,team_consensus,340,dependent,0,,en,7.258,pilot-v1+team-adjudication-v1,fa8f6ea6393dd5ecb60740a83bff2e50bd18934771e673d744d98e798b5af4f1,2026-08-05T02:59:31Z,2026-08-05T02:59:31Z
rel::6/phone_6.jpg,team_consensus,341,independent,0,,th,59.664,pilot-v1+team-adjudication-v1,fa8f6ea6393dd5ecb60740a83bff2e50bd18934771e673d744d98e798b5af4f1,2026-08-05T02:59:42Z,2026-08-07T12:10:00Z
rel::2/map_1.png,team_consensus,342,dependent,0,,en,415.128,pilot-v1+team-adjudication-v1,fa8f6ea6393dd5ecb60740a83bff2e50bd18934771e673d744d98e798b5af4f1,2026-08-05T03:06:37Z,2026-08-05T03:06:37Z
rel::6/health_1.jpg,team_consensus,343,dependent,0,,en,44.499,pilot-v1+team-adjudication-v1,fa8f6ea6393dd5ecb60740a83bff2e50bd18934771e673d744d98e798b5af4f1,2026-08-05T03:07:22Z,2026-08-05T03:07:22Z
rel::5/record_1.jpg,team_consensus,344,dependent,0,,en,434.697,pilot-v1+team-adjudication-v1,fa8f6ea6393dd5ecb60740a83bff2e50bd18934771e673d744d98e798b5af4f1,2026-08-05T03:14:36Z,2026-08-05T03:14:36Z
rel::1/booking_9.jpg,team_consensus,345,dependent,0,,en,7.527,pilot-v1+team-adjudication-v1,fa8f6ea6393dd5ecb60740a83bff2e50bd18934771e673d744d98e798b5af4f1,2026-08-05T03:14:44Z,2026-08-05T03:14:44Z
rel::6/camera_5.jpg,team_consensus,346,dependent,0,,en,5.198,pilot-v1+team-adjudication-v1,fa8f6ea6393dd5ecb60740a83bff2e50bd18934771e673d744d98e798b5af4f1,2026-08-05T03:14:49Z,2026-08-05T03:14:49Z
rel::5/record_2.jpg,team_consensus,347,dependent,0,,en,5.980,pilot-v1+team-adjudication-v1,fa8f6ea6393dd5ecb60740a83bff2e50bd18934771e673d744d98e798b5af4f1,2026-08-05T03:14:55Z,2026-08-05T03:14:55Z
rel::4/google_play_7.jpg,team_consensus,348,dependent,0,,en,2.195,pilot-v1+team-adjudication-v1,fa8f6ea6393dd5ecb60740a83bff2e50bd18934771e673d744d98e798b5af4f1,2026-08-05T03:14:57Z,2026-08-05T03:14:57Z
rel::5/record_15.jpg,team_consensus,349,dependent,0,,en,4.051,pilot-v1+team-adjudication-v1,fa8f6ea6393dd5ecb60740a83bff2e50bd18934771e673d744d98e798b5af4f1,2026-08-05T03:15:01Z,2026-08-05T03:15:01Z
rel::5/record_4.jpg,team_consensus,350,independent,0,,th,15.745,pilot-v1+team-adjudication-v1,fa8f6ea6393dd5ecb60740a83bff2e50bd18934771e673d744d98e798b5af4f1,2026-08-05T03:15:41Z,2026-08-07T12:10:16Z
rel::3/backend_6.jpg,team_consensus,351,independent,0,,ja,45.863,pilot-v1+team-adjudication-v1,fa8f6ea6393dd5ecb60740a83bff2e50bd18934771e673d744d98e798b5af4f1,2026-08-05T03:15:56Z,2026-08-07T12:11:02Z
rel::2/note_7.png,team_consensus,352,independent,0,,en,10.557,pilot-v1+team-adjudication-v1,fa8f6ea6393dd5ecb60740a83bff2e50bd18934771e673d744d98e798b5af4f1,2026-08-05T03:16:07Z,2026-08-05T03:16:07Z
rel::2/freeform_10.png,team_consensus,353,dependent,0,,en,2.283,pilot-v1+team-adjudication-v1,fa8f6ea6393dd5ecb60740a83bff2e50bd18934771e673d744d98e798b5af4f1,2026-08-05T03:16:09Z,2026-08-05T03:16:09Z
rel::2/weather_7.png,team_consensus,354,dependent,0,,en,1.803,pilot-v1+team-adjudication-v1,fa8f6ea6393dd5ecb60740a83bff2e50bd18934771e673d744d98e798b5af4f1,2026-08-05T03:16:11Z,2026-08-05T03:16:11Z
rel::3/music_1.jpg,team_consensus,355,dependent,0,,ja,35.195,pilot-v1+team-adjudication-v1,fa8f6ea6393dd5ecb60740a83bff2e50bd18934771e673d744d98e798b5af4f1,2026-08-05T03:16:15Z,2026-08-07T12:11:37Z
rel::3/settings_7.jpg,team_consensus,356,dependent,0,,en,2.875,pilot-v1+team-adjudication-v1,fa8f6ea6393dd5ecb60740a83bff2e50bd18934771e673d744d98e798b5af4f1,2026-08-05T03:16:18Z,2026-08-05T03:16:18Z
rel::6/safari_6.jpg,team_consensus,357,independent,0,,en,4.380,pilot-v1+team-adjudication-v1,fa8f6ea6393dd5ecb60740a83bff2e50bd18934771e673d744d98e798b5af4f1,2026-08-05T03:16:29Z,2026-08-07T12:11:41Z
rel::4/google_play_8.jpg,team_consensus,358,dependent,0,,en,19.171,pilot-v1+team-adjudication-v1,fa8f6ea6393dd5ecb60740a83bff2e50bd18934771e673d744d98e798b5af4f1,2026-08-05T03:16:49Z,2026-08-05T03:16:49Z
rel::6/phone_3.jpg,team_consensus,359,independent,0,,en,3.503,pilot-v1+team-adjudication-v1,fa8f6ea6393dd5ecb60740a83bff2e50bd18934771e673d744d98e798b5af4f1,2026-08-05T03:16:54Z,2026-08-07T12:11:45Z
rel::3/note_2.jpg,team_consensus,360,independent,0,,en,10.405,pilot-v1+team-adjudication-v1,fa8f6ea6393dd5ecb60740a83bff2e50bd18934771e673d744d98e798b5af4f1,2026-08-05T03:17:04Z,2026-08-05T03:17:04Z
rel::2/clock_7.png,team_consensus,361,dependent,0,,en,25.961,pilot-v1+team-adjudication-v1,fa8f6ea6393dd5ecb60740a83bff2e50bd18934771e673d744d98e798b5af4f1,2026-08-05T03:17:09Z,2026-08-07T12:12:11Z
rel::4/Youtube_8.jpg,team_consensus,362,dependent,0,,en,4.244,pilot-v1+team-adjudication-v1,fa8f6ea6393dd5ecb60740a83bff2e50bd18934771e673d744d98e798b5af4f1,2026-08-05T03:17:13Z,2026-08-05T03:17:13Z
rel::6/health_5.jpg,team_consensus,363,dependent,0,,en,6.232,pilot-v1+team-adjudication-v1,fa8f6ea6393dd5ecb60740a83bff2e50bd18934771e673d744d98e798b5af4f1,2026-08-05T03:17:19Z,2026-08-05T03:17:19Z
rel::5/phone_11.jpg,team_consensus,364,dependent,0,,en,6.368,pilot-v1+team-adjudication-v1,fa8f6ea6393dd5ecb60740a83bff2e50bd18934771e673d744d98e798b5af4f1,2026-08-05T03:17:26Z,2026-08-05T03:17:26Z
rel::3/homescreen_10.jpg,team_consensus,365,dependent,0,,en,5.049,pilot-v1+team-adjudication-v1,fa8f6ea6393dd5ecb60740a83bff2e50bd18934771e673d744d98e798b5af4f1,2026-08-05T03:17:31Z,2026-08-05T03:17:31Z
rel::2/note_6.png,team_consensus,366,dependent,0,,en,7.226,pilot-v1+team-adjudication-v1,fa8f6ea6393dd5ecb60740a83bff2e50bd18934771e673d744d98e798b5af4f1,2026-08-05T03:17:38Z,2026-08-05T03:17:38Z
