dimension,question_language,gui_language,matched_num,adjusted_probability
wf,en,en,1,0.8340541869964411
wf,en,zh,0,0.8043376619142864
wf,en,fr,0,0.8065272324395267
wf,en,ru,0,0.7940520524413406
wf,en,ja,0,0.7957836772991261
wf,en,th,0,0.7576549093984282
wf,zh,en,0,0.7967912713294938
wf,zh,zh,1,0.7974693142102296
wf,zh,fr,0,0.7829204280744742
wf,zh,ru,0,0.7695649936863997
wf,zh,ja,0,0.7714105657229374
wf,zh,th,0,0.7313324234871941
wf,fr,en,0,0.8047903126425384
wf,fr,zh,0,0.7889621007382736
wf,fr,fr,1,0.8076311034371879
wf,fr,ru,0,0.778189615794857
wf,fr,ja,0,0.7799990312334194
wf,fr,th,0,0.7405260608908444
wf,ru,en,0,0.8076336591420614
wf,ru,zh,0,0.7919553717163174
wf,ru,fr,0,0.7942359836352058
wf,ru,ru,1,0.7981403432867005
wf,ru,ja,0,0.7830662330595788
wf,ru,th,0,0.7438298556626476
wf,ja,en,0,0.8072286879021773
wf,ja,zh,0,0.7915287645947472
wf,ja,fr,0,0.793812307526745
wf,ja,ru,0,0.7808314360089049
wf,ja,ja,1,0.7994333889927921
wf,ja,th,0,0.7433581182648096
wf,th,en,0,0.8161277856639222
wf,th,zh,0,0.8009244699869439
wf,th,fr,0,0.8031402707114248
wf,th,ru,0,0.790523203913077
wf,th,ja,0,0.7922734124056878
wf,th,th,1,0.7717968553609438
wi,en,en,1,0.9667360652900745
wi,en,zh,0,0.9525493589080368
wi,en,fr,0,0.9536326644073858
wi,en,ru,0,0.9436278195168849
wi,en,ja,0,0.949386253002328
wi,en,th,0,0.9209155116341843
wi,zh,en,0,0.9531165661971209
wi,zh,zh,1,0.9542348331273709
wi,zh,fr,0,0.9461740375262007
wi,zh,ru,0,0.9349259699357828
wi,zh,ja,0,0.9413759678567345
wi,zh,th,0,0.9099948070495468
wi,fr,en,0,0.9422758588686134
wi,fr,zh,0,0.9326726436207928
wi,fr,fr,1,0.9448569702099788
wi,fr,ru,0,0.9211378393269001
wi,fr,ja,0,0.9285344437812317
wi,fr,th,0,0.8931063529478649
wi,ru,en,0,0.9385939971864069
wi,ru,zh,0,0.9285583040190699
wi,ru,fr,0,0.9300493650563777
wi,ru,ru,1,0.9293213722521745
wi,ru,ja,0,0.9242512718538014
wi,ru,th,0,0.8875624562042865
wi,ja,en,0,0.9341484537802565
wi,ja,zh,0,0.9236222870103178
wi,ja,fr,0,0.9251820117025971
wi,ja,ru,0,0.9111228126951008
wi,ja,ja,1,0.9316058647472971
wi,ja,th,0,0.8809449237128455
wi,th,en,0,0.9232822120436354
wi,th,zh,0,0.9116708831507337
wi,th,fr,0,0.9133836516073851
wi,th,ru,0,0.8979975544975347
wi,th,ja,0,0.9067412844145923
wi,th,th,1,0.882674910629035
au,en,en,1,0.8688054669063359
au,en,zh,0,0.8525891935845135
au,en,fr,0,0.84037457875286
au,en,ru,0,0.8426104192308126
au,en,ja,0,0.8577578706988886
au,en,th,0,0.8191839123898681
au,zh,en,0,0.8527816278770297
au,zh,zh,1,0.8496520784301337
au,zh,fr,0,0.8295561480426284
au,zh,ru,0,0.8319150778216756
au,zh,ja,0,0.8479149078017766
au,zh,th,0,0.8072685406184692
au,fr,en,0,0.8434578162320084
au,fr,zh,0,0.8325956945433299
au,fr,fr,1,0.8271174724710983
au,fr,ru,0,0.8215323899504154
au,fr,ja,0,0.8383381426536204
au,fr,th,0,0.7957897685643898
au,ru,en,0,0.8277214725525454
au,ru,zh,0,0.8160003410111253
au,ru,fr,0,0.8014746672704328
au,ru,ru,1,0.81267315166447
au,ru,ja,0,0.8221909708363502
au,ru,th,0,0.7767724090264367
au,ja,en,0,0.834928209837657
au,ja,zh,0,0.8235919653270621
au,ja,fr,0,0.8095035499541283
au,ja,ru,0,0.812073301427283
au,ja,ja,1,0.8372632396321212
au,ja,th,0,0.7854206102864466
au,th,en,0,0.8264376191429554
au,th,zh,0,0.8146497243028533
au,th,fr,0,0.8000492517647082
au,th,ru,0,0.802707807438126
au,th,ja,0,0.8208749838309912
au,th,th,1,0.7845818481022434
ap,en,en,1,0.9185783235896369
ap,en,zh,0,0.8714062549336838
ap,en,fr,0,0.8722770476357768
ap,en,ru,0,0.8661952062286158
ap,en,ja,0,0.8698824710193823
ap,en,th,0,0.8352008697020202
ap,zh,en,0,0.889297237609776
ap,zh,zh,1,0.8894473663179513
ap,zh,fr,0,0.8636269146154442
ap,zh,ru,0,0.8572192870011279
ap,zh,ja,0,0.8611046896920586
ap,zh,th,0,0.8245626906017437
ap,fr,en,0,0.8534004745337812
ap,fr,zh,0,0.8202601794720155
ap,fr,fr,1,0.8545533106716018
ap,fr,ru,0,0.8134368984373831
ap,fr,ja,0,0.8182627726809348
ap,fr,th,0,0.7737637911720835
ap,ru,en,0,0.8694801951316848
ap,ru,zh,0,0.8392923697549253
ap,ru,fr,0,0.8403364397025661
ap,ru,ru,1,0.8643827462640111
ap,ru,ja,0,0.837465185224954
ap,ru,th,0,0.7962065486501574
ap,ja,en,0,0.8862116834682364
ap,ja,zh,0,0.8590784026229521
ap,ja,fr,0,0.8600151435828487
ap,ja,ru,0,0.853469804153133
ap,ja,ja,1,0.8849748853565169
ap,ja,th,0,0.8201296781109624
ap,th,en,0,0.8756420254890124
ap,th,zh,0,0.8465923385236218
ap,th,fr,0,0.8475970230628956
ap,th,ru,0,0.8405774363209186
ap,th,ja,0,0.844833873155839
ap,th,th,1,0.8405843125063333
ael,en,en,1,0.8374439719368829
ael,en,zh,0,0.789999106086985
ael,en,fr,0,0.7945072398933655
ael,en,ru,0,0.7938062284019389
ael,en,ja,0,0.8014545366336756
ael,en,th,0,0.7381694607525162
ael,zh,en,0,0.8210349809659915
ael,zh,zh,1,0.8318142707254872
ael,zh,fr,0,0.8070753071152721
ael,zh,ru,0,0.8064032737473343
ael,zh,ja,0,0.8137250706333525
ael,zh,th,0,0.7524396801550346
ael,fr,en,0,0.7780803230134552
ael,fr,zh,0,0.7572773061900385
ael,fr,fr,1,0.7951167121590983
ael,fr,ru,0,0.7613867046696027
ael,fr,ja,0,0.7696930793716001
ael,fr,th,0,0.7026725516471606
ael,ru,en,0,0.789675818156758
ael,ru,zh,0,0.76942444127012255
ael,ru,fr,0,0.7741768042066036
ael,ru,ru,1,0.8054697943298625
ael,ru,ja,0,0.7815294393301077
ael,ru,th,0,0.7156939450141268
ael,ja,en,0,0.7842048887518976
ael,ja,zh,0,0.763681826563678
ael,ja,fr,0,0.7684913204940158
ael,ja,ru,0,0.7677422115803222
ael,ja,ja,1,0.8077490403956858
ael,ja,th,0,0.7095193086414879
ael,th,en,0,0.7607183619299431
ael,th,zh,0,0.7392491912326704
ael,th,fr,0,0.7442543634096058
ael,th,ru,0,0.7434738011461541
ael,th,ja,0,0.7520367665323371
ael,th,th,1,0.7203891140285466
rel,en,en,1,0.7858588414767168
rel,en,zh,0,0.6623934141719331
rel,en,fr,0,0.690729081945599
rel,en,ru,0,0.678641151003005
rel,en,ja,0,0.6692533522541744
rel,en,th,0,0.6049146274402553
rel,zh,en,0,0.6808413060799268
rel,zh,zh,1,0.7003865284652251
rel,zh,fr,0,0.6537919266891385
rel,zh,ru,0,0.6412446960245926
rel,zh,ja,0,0.6314665474409211
rel,zh,th,0,0.5638826523615947
rel,fr,en,0,0.6440504228604536
rel,fr,zh,0,0.5848470595799259
rel,fr,fr,1,0.6925804523700392
rel,fr,ru,0,0.6026684806560816
rel,fr,ja,0,0.5923868247554207
rel,fr,th,0,0.5216858116533548
rel,ru,en,0,0.6383210201494167
rel,ru,zh,0,0.5786655632767433
rel,ru,fr,0,0.6098944483776727
rel,ru,ru,1,0.6749990151592148
rel,ru,ja,0,0.5862629284592916
rel,ru,th,0,0.5151723699318647
rel,ja,en,0,0.6185831578745935
rel,ja,zh,0,0.5573738868157622
rel,ja,fr,0,0.5894025541968916
rel,ja,ru,0,0.575779660289581
rel,ja,ja,1,0.6464720707307777
rel,ja,th,0,0.4930267479093116
rel,th,en,0,0.6099253447244076
rel,th,zh,0,0.548062816984609
rel,th,fr,0,0.5804097006947809
rel,th,ru,0,0.5666405584112717
rel,th,ja,0,0.5559106695915126
rel,th,th,1,0.5711181768837317
