dimension,gui_language,adjusted_probability
wf,en,0.811104317279439
wf,zh,0.7958629471934663
wf,fr,0.798044554304094
wf,ru,0.7852169408552133
wf,ja,0.7869943847855903
wf,th,0.7480830371774779
wi,en,0.9430255255610179
wi,zh,0.9338847183060537
wi,fr,0.9355464500849875
wi,ru,0.9230222280373963
wi,ja,0.9303158476093308
wi,th,0.8958664936962939
au,en,0.8423553687580887
au,zh,0.8315131661998363
au,fr,0.818012611375976
au,ru,0.8205853579221304
au,ja,0.8373900192422914
au,th,0.7948361814979756
ap,en,0.8821016566370212
ap,zh,0.854346151937525
ap,fr,0.8564009798785222
ap,ru,0.8492135630675316
ap,ja,0.8527539795216142
ap,th,0.8150746484572168
ael,en,0.7951930574591547
ael,zh,0.7752410236781636
ael,fr,0.7806036245463268
ael,ru,0.7797136689792025
ael,ja,0.7876979888161265
ael,th,0.7231473433731455
rel,en,0.6629300155275858
rel,zh,0.6052882115490331
rel,fr,0.636134694045687
rel,ru,0.6233289269239578
rel,ja,0.6136253988720164
rel,th,0.5449667310300188
