question_language,gui_language,adjusted_probability
en,en,0.869640796829906
en,zh,0.8228122795533037
en,fr,0.8277303089267463
en,ru,0.8209484779158632
en,ja,0.8245745440999972
en,th,0.7800295128005593
zh,en,0.8330249278871229
zh,zh,0.8380101163584469
zh,fr,0.8146877215550347
zh,ru,0.8075455568667315
zh,ja,0.811363267040209
zh,th,0.7647073061407763
fr,en,0.8110582569049417
fr,zh,0.7854628899481373
fr,fr,0.8215515423621709
fr,ru,0.7833387659219155
fr,ja,0.7874737814303617
fr,th,0.7375241659890697
ru,en,0.811816498421014
ru,zh,0.7862890655287684
ru,fr,0.7918926519052241
ru,ru,0.8153452524483447
ru,ja,0.788294992119135
ru,th,0.7384468824838548
ja,en,0.810574433986388
ja,zh,0.7849358841170716
ja,fr,0.7905624304291645
ja,ru,0.7828084799916312
ja,ja,0.8178444805940839
ja,th,0.7369359939814466
th,en,0.8015924394618699
th,zh,0.7751766800732882
th,fr,0.7809624307430467
th,ru,0.7729908845410374
th,ja,0.7772469218794997
th,th,0.762106770875435
