section,key,question_language,gui_language,value,n
accuracy_matrix,,en,en,0.0,0
accuracy_matrix,,en,zh,0.0,0
accuracy_matrix,,en,fr,0.0,0
accuracy_matrix,,en,ru,0.0,0
accuracy_matrix,,en,ja,1.0,2
accuracy_matrix,,en,th,0.0,0
accuracy_matrix,,zh,en,0.0,0
accuracy_matrix,,zh,zh,0.0,0
accuracy_matrix,,zh,fr,0.0,0
accuracy_matrix,,zh,ru,0.0,0
accuracy_matrix,,zh,ja,0.0,0
accuracy_matrix,,zh,th,0.0,0
accuracy_matrix,,fr,en,0.0,0
accuracy_matrix,,fr,zh,0.0,0
accuracy_matrix,,fr,fr,0.0,0
accuracy_matrix,,fr,ru,0.0,0
accuracy_matrix,,fr,ja,0.0,0
accuracy_matrix,,fr,th,0.0,0
accuracy_matrix,,ru,en,0.0,0
accuracy_matrix,,ru,zh,0.0,0
accuracy_matrix,,ru,fr,0.0,0
accuracy_matrix,,ru,ru,0.0,0
accuracy_matrix,,ru,ja,0.0,0
accuracy_matrix,,ru,th,0.0,0
accuracy_matrix,,ja,en,1.0,2
accuracy_matrix,,ja,zh,0.0,0
accuracy_matrix,,ja,fr,0.0,0
accuracy_matrix,,ja,ru,0.0,0
accuracy_matrix,,ja,ja,0.0,0
accuracy_matrix,,ja,th,0.0,0
accuracy_matrix,,th,en,0.0,0
accuracy_matrix,,th,zh,0.0,0
accuracy_matrix,,th,fr,0.0,0
accuracy_matrix,,th,ru,0.0,0
accuracy_matrix,,th,ja,0.0,0
accuracy_matrix,,th,th,0.0,0
scalar,overall_accuracy,,,1.0,
scalar,matched_mean,,,0.0,
scalar,mismatch_mean,,,1.0,
scalar,macro_f1,,,0.5,
scalar,balanced_accuracy,,,1.0,
