dimension,question_language,adjusted_probability
wf,en,0.7488122644711817
wf,zh,0.7444451528769342
wf,fr,0.7340418502754005
wf,ru,0.6947721476475015
wf,ja,0.7167309718219627
wf,th,0.6195981946615324
wi,en,0.9207823862691651
wi,zh,0.9039081201540752
wi,fr,0.8765683500215209
wi,ru,0.8487685823136908
wi,ja,0.8551290600653364
wi,th,0.7505198306202258
au,en,0.7947563398358928
au,zh,0.8047619193393442
au,fr,0.7543496560370454
au,ru,0.7109707330735144
au,ja,0.728569377190778
au,th,0.5954363623293126
ap,en,0.8725809903838548
ap,zh,0.8688145562907779
ap,fr,0.8463134341091507
ap,ru,0.8392291898412464
ap,ja,0.8459020794594837
ap,th,0.7462768277873163
ael,en,0.7407290070529818
ael,zh,0.7498399472801588
ael,fr,0.7006380654917775
ael,ru,0.634673813098116
ael,ja,0.671946443635492
ael,th,0.5487156050249528
rel,en,0.5839698181138462
rel,zh,0.5636124488808822
rel,fr,0.5449535327524875
rel,ru,0.5179883164757988
rel,ja,0.541222530344971
rel,th,0.37798786228461695
