effect,term,estimate,std.error,statistic,p.value,conf.low,conf.high,odds_ratio,odds_ratio_low,odds_ratio_high
fixed,(Intercept),4.475721717906046,0.1572386620159203,28.46451159354741,3.222819288746532e-178,4.167539603377576,4.783903832434516,87.8579862155088,64.55642214623367,119.57022222141343
fixed,question_language1,0.40696352393125346,0.03391476834167935,11.99959615914929,3.5703422460801105e-33,0.3404917994375427,0.4734352484249642,1.5022493085135125,1.405638712931276,1.6055000222803788
fixed,question_language2,0.1831699316566497,0.03313692555446124,5.527668261064414,3.245149365740438e-8,0.11822275101152072,0.24811711230177866,1.2010184818013263,1.1254947885496185,1.2816100157044588
fixed,question_language3,-0.19646807600864258,0.03230430624192418,-6.08179214675932,1.1884657460152741e-9,-0.2597833527883664,-0.13315279922891873,0.8216275605077216,0.7712186500760072,0.8753313319372374
fixed,question_language4,-0.20569148099152643,0.03228239387565006,-6.371630362476782,1.8702921797107313e-10,-0.2689638103225369,-0.1424191516605159,0.814084197992597,0.7641709102465589,0.8672576678002829
fixed,gui_language1,0.295983288640289,0.03354104352270786,8.8245104371873,1.0993968114188168e-18,0.23024405133189113,0.36172252594868687,1.344447689095375,1.2589072104230394,1.4358004893041274
fixed,gui_language2,-0.09781858922747237,0.03250063831468283,-3.0097436327360017,0.0026146828415392178,-0.16151866979881324,-0.03411850865613149,0.9068133945517125,0.8508506461067027,0.9664569643345798
fixed,gui_language3,-0.016375778840988117,0.03263864787155651,-0.5017296949748663,0.6158576733164295,-0.08034635317332375,0.047594795491347514,0.9837575753070474,0.9227966774730847,1.0487456127649835
fixed,gui_language4,-0.12710557871974687,0.03242046061402184,-3.9205358687832383,8.835228369907294e-5,-0.19064851388542897,-0.06356264355406475,0.8806406907721036,0.826423013321941,0.9384153317877818
fixed,dimension1,-0.5179452428474748,0.2466704683368142,-2.0997456498937304,0.035751221566574135,-1.0014104768372583,-0.03448000885769131,0.5957433992193921,0.36736092150671873,0.9661076530890209
fixed,dimension2,2.5316986139997613,0.2185063111737147,11.586386683298295,4.830849210479088e-31,2.1034341137045787,2.959963114294944,12.574847818446377,8.194261676125931,19.29725994933622
fixed,dimension3,0.32075440599636496,0.2498595429639226,1.2837388646095416,0.19923334096406295,-0.16896129940656152,0.8104701113992914,1.378167069758963,0.8445415870141932,2.2489650022836423
fixed,dimension4,0.916213643826243,0.244201030002374,3.751882798435928,1.755115141976626e-4,0.4375884200340049,1.394838867618481,2.499807287308238,1.5489672523164415,4.034324459948455
fixed,dimension5,-0.44261981682559004,0.24704044058093477,-1.7916897160025103,0.07318268279815235,-0.9268101830891293,0.041570549437949245,0.6423513718548245,0.3958142738837499,1.0424467032862983
fixed,matched_num,0.4089883207060103,0.04205298326270883,9.725548319628667,2.3463780307492033e-22,0.32656598806863535,0.4914106533433853,1.5052941396100965,1.3861997193872486,1.6346204771604746
