"model","dependency","contrast","log_odds","std_error","odds_ratio","or_ci_low","or_ci_high","z","p_value_wald"
"internvl","independent","R_minus_O",-0.316166184112845,0.325332180126755,0.728938302136404,0.38526754762047,1.37917416507902,-0.971825732055346,0.331137252155467
"internvl","independent","F_minus_C",0.577251580422861,0.326284423536481,1.78113638728335,0.939633014824826,3.37626156175049,1.76916683354429,0.0768660372774224
"internvl","independent","C_minus_O",-0.523679711437667,0.325534326402816,0.592336903963741,0.312945260227959,1.12116415357041,-1.60867739271731,0.107686901625659
"internvl","independent","F_minus_R",0.369738053098038,0.325976546714908,1.44735543473082,0.76400879472388,2.74190267037691,1.13424740774803,0.256690783068785
"internvl","independent","interaction",0.893417764535705,0.461993720997565,2.44346658978286,0.987982860932029,6.04315035359288,1.93383096767329,0.0531339139398416
"internvl","dependent","R_minus_O",0.346198239048252,0.340620247502758,1.41368283518133,0.725120489112021,2.75609252323523,1.01637598347834,0.309450377773419
"internvl","dependent","F_minus_C",0.860400630909289,0.344319707514144,2.36410763859834,1.20386113539177,4.64256612541962,2.49884224496196,0.0124599763927769
"internvl","dependent","C_minus_O",-0.33574356678961,0.335375215586605,0.714806382411399,0.370434369851439,1.37932169885042,-1.00109832565403,0.316779274448269
"internvl","dependent","F_minus_R",0.178458825071427,0.345164592234444,1.19537366283498,0.607706176774859,2.35133070620226,0.517025294848938,0.605138501363286
"internvl","dependent","interaction",0.514202391861037,0.481774488416352,1.67230412633192,0.650459914559398,4.29942111473711,1.06730929973332,0.285832190039966
"internvl","dependent_minus_independent","R_minus_O",0.662364423161097,0.471426379705912,1.93937241469963,0.769794809309987,4.88593235159539,1.40502197516884,0.160014743785112
"internvl","dependent_minus_independent","F_minus_C",0.283149050486429,0.472538894815348,1.32730298222932,0.525698626770925,3.35122276703705,0.599207924666336,0.549034238877582
"internvl","dependent_minus_independent","C_minus_O",0.187936144648057,0.46672672079033,1.20675645503113,0.483430253381185,3.01235003720596,0.402668491595716,0.68719211614646
"internvl","dependent_minus_independent","F_minus_R",-0.191279228026611,0.474524262773463,0.825901940981961,0.325840662296339,2.0933974639955,-0.403096834097875,0.686876989523662
"internvl","dependent_minus_independent","interaction",-0.379215372674668,0.666294122029041,0.684398196122063,0.185416274013584,2.52621240151131,-0.569141104711922,0.569260385191898
"qwen","independent","R_minus_O",0.444720676672668,0.36277070442398,1.56005437538914,0.766201641751721,3.17640882184305,1.22590019328824,0.220236236068086
"qwen","independent","F_minus_C",0.479664776747837,0.377098040007035,1.61553274726879,0.771477800802643,3.3830475157969,1.27198957793281,0.203376822289253
"qwen","independent","C_minus_O",0.21470991815974,0.355062655003323,1.2395022877059,0.618033333271323,2.48589491621107,0.604709943820282,0.545371739854622
"qwen","independent","F_minus_R",0.249654018234909,0.38292434330032,1.28358124414988,0.605998544558884,2.71878674483065,0.651966955360448,0.514422489864789
"qwen","independent","interaction",0.0349441000751691,0.521851795858527,1.03556181935377,0.372363251061911,2.87995197873324,0.0669617319562552,0.946612168266633
"qwen","dependent","R_minus_O",0.470597474073664,0.331095587571425,1.60095043390188,0.836649647331371,3.06345947791392,1.42133417580548,0.155219632588113
"qwen","dependent","F_minus_C",1.24364006359437,0.341209636803325,3.46821503888328,1.77689804983726,6.76938981222797,3.64479759494957,0.000267602323831567
"qwen","dependent","C_minus_O",-0.355932041110996,0.332014601100509,0.700520225193873,0.365429955174227,1.34288002107465,-1.07203731381454,0.283703272723392
"qwen","dependent","F_minus_R",0.417110548409714,0.332767350532671,1.51757026864218,0.790481157628065,2.91344012193432,1.25345995555764,0.210038363657139
"qwen","dependent","interaction",0.773042589520709,0.47111445630277,2.16634754295949,0.860413884176749,5.45442346200281,1.6408806377699,0.100822194997625
"qwen","dependent_minus_independent","R_minus_O",0.0258767974009959,0.49062106219569,1.02621450839016,0.392295269386418,2.68449889512462,0.0527429403156658,0.957936725195079
"qwen","dependent_minus_independent","F_minus_C",0.763975286846536,0.507105175545036,2.14679339972936,0.794572649051406,5.80025238299309,1.50654208177902,0.13192807280336
"qwen","dependent_minus_independent","C_minus_O",-0.570641959270735,0.486308825757732,0.565162510906222,0.217880777552091,1.46597908875858,-1.17341477070995,0.240629516778659
"qwen","dependent_minus_independent","F_minus_R",0.167456530174805,0.507062863955622,1.18229389495892,0.437627720517,3.1940820668439,0.330248066025716,0.741212530767773
"qwen","dependent_minus_independent","interaction",0.73809848944554,0.703006040801261,2.09195385777295,0.52740140000521,8.29779925310757,1.04991770569181,0.293755950369949
