effect,term,estimate,std.error,statistic,p.value,conf.low,conf.high,odds_ratio,odds_ratio_low,odds_ratio_high,model
fixed,(Intercept),2.00518786806691,0.062320698993325166,32.17531093933454,3.910028605983359e-227,1.8830415425486313,2.127334193585189,7.427489153720913,6.573467970003213,8.392464279188514,rq1_random_slope
fixed,question_language1,0.5787589264830494,0.025926259676696022,22.323271220000564,2.1961887447703706e-110,0.5279443912628922,0.6295734617032066,1.7838232006694434,1.695443555505375,1.8768098772230046,rq1_random_slope
fixed,question_language2,0.5182012560594121,0.025715458911846543,20.151351676663577,2.6186550445451807e-90,0.4677998827462734,0.5686026293725509,1.6790048321085234,1.5964778879473416,1.7657978525893339,rq1_random_slope
fixed,question_language3,0.19191837267391718,0.024814211042434406,7.7342121555152605,1.0404540169070462e-14,0.14328341272596964,0.2405533326218647,1.2115716155770901,1.1540568297138993,1.271952768596315,rq1_random_slope
fixed,question_language4,-0.1760127582012781,0.02411556830545986,-7.298719066945154,2.905201938032924e-13,-0.22327840354669504,-0.12874711285586116,0.8386072841482985,0.7998921254877347,0.8791962748699027,rq1_random_slope
fixed,question_language5,0.021557288151753513,0.024449666172711416,0.88170071523569,0.3779386741269996,-0.02636317698078812,0.06947775328429515,1.0217913251971873,0.9739812977810419,1.071948213612348,rq1_random_slope
fixed,gui_language1,0.5267399829590176,0.02586212650315701,20.36723402828913,3.2661191816039193e-92,0.47605114644921104,0.5774288194688241,1.693402778419504,1.6097053445656613,1.7814521021750405,rq1_random_slope
fixed,gui_language2,0.18638048080646388,0.02493548026261387,7.474509367517852,7.749242679434192e-14,0.13750783755453133,0.23525312405839643,1.204880607121121,1.147410698830753,1.2652289880998377,rq1_random_slope
fixed,gui_language3,0.09324980345309977,0.024720054209532192,3.77223296772311,1.617930819856665e-4,0.04479938750653893,0.1417002193996606,1.097735919243823,1.0458180346989938,1.152231180202309,rq1_random_slope
fixed,gui_language4,-0.29649164333568945,0.024094715255921308,-12.305256160386715,8.486674959182902e-35,-0.343716417455043,-0.2492668692163359,0.7434218397649025,0.7091299964275144,0.7793719552461854,rq1_random_slope
fixed,gui_language5,-0.06561734069111813,0.024419474645126105,-2.687090596529878,0.007207740024102809,-0.11347863151695431,-0.01775604986528196,0.9364891520278685,0.8927232723494821,0.9824006599018568,rq1_random_slope
fixed,dimension1,-0.21327649343456603,0.13743420091685282,-1.5518443881635948,0.12069946206743264,-0.4826425774756392,0.05608959060650712,0.8079327182388073,0.6171503673997245,1.057692438799056,rq1_random_slope
fixed,dimension2,1.4919435558968306,0.14405173957741074,10.356997841703173,3.8897963817610607e-25,1.2096073344147624,1.7742797773788987,4.445727647959735,3.3521681130321412,5.896033150305219,rq1_random_slope
fixed,dimension3,-0.028160022925530215,0.13787206134517566,-0.2042474932976374,0.8381600992368015,-0.2983842976363714,0.242064251785311,0.9722327748195139,0.7420161299036785,1.2738760389965555,rq1_random_slope
fixed,dimension4,1.2062611119690896,0.14253669687848622,8.462810899830503,2.6100875051993537e-17,0.9268943196119539,1.4856279043262253,3.3409697593909846,2.5266500125160327,4.417738459174202,rq1_random_slope
fixed,dimension5,-0.5662701314351593,0.13608015630767195,-4.1612983612015,3.164433313458707e-5,-0.8329823368087772,-0.29955792606154125,0.5676387129235343,0.4347507777419118,0.7411457895097029,rq1_random_slope
fixed,matched_num,0.3722385632616213,0.030523818636068924,12.195019492802256,3.304249296554406e-34,0.3124129780642937,0.4320641484589489,1.4509790903113982,1.3667190014656154,1.5404339284543558,rq1_random_slope
fixed,(Intercept),2.0222366851115785,0.06276219977184314,32.22061515470989,9.07952591780269e-228,1.899225033968258,2.145248336254899,7.555204663089931,6.680715108357831,8.544162799243628,rq2_random_slope
fixed,question_language1,0.6113543243731913,0.027563186236613933,22.1801035310312,5.34557619777678e-109,0.5573314720502578,0.6653771766961247,1.8429256284990014,1.7460070095630218,1.945224076178514,rq2_random_slope
fixed,question_language2,0.5371317403116678,0.0270753303522499,19.83841871266525,1.3875476148027377e-87,0.4840650679517338,0.5901984126716018,1.7110919608533715,1.6226572251993114,1.8043463850705799,rq2_random_slope
fixed,question_language3,0.1821260813558394,0.02572185504040266,7.08059667818532,1.4353508665271163e-12,0.13171217186109016,0.23253999085058866,1.199765452399156,1.140779923446452,1.261800905841519,rq2_random_slope
fixed,question_language4,-0.18011792453170208,0.02491581035490462,-7.229061466036014,4.863432911660665e-13,-0.22895201547294527,-0.1312838335904589,0.8351717183702336,0.7953666978842698,0.876968825852174,rq2_random_slope
fixed,question_language5,0.0029720232340082003,0.025228069293953055,0.11780621019304748,0.9062212087939003,-0.04647408398162061,0.05241813044963701,1.0029764440735878,0.954589299403231,1.053816283081513,rq2_random_slope
fixed,dimension1,-0.23063286144728828,0.13878824457479744,-1.6617607791918778,0.09656074911783429,-0.5026528222914277,0.0413870993968512,0.7940309318949361,0.6049237739916106,1.042255483935873,rq2_random_slope
fixed,dimension2,1.586454242241198,0.14611444845433108,10.857613733778377,1.8348114833998002e-27,1.300075185649775,1.872833298832621,4.886392212057106,3.669572556444727,6.506705749180078,rq2_random_slope
fixed,dimension3,0.025055566174142903,0.13938886498664058,0.17975299660087124,0.8573464857282325,-0.24814158904558875,0.29825272139387454,1.025372094945878,0.7802494606801972,1.3475022875083196,rq2_random_slope
fixed,dimension4,1.171733143082505,0.14416874310260866,8.12751167739981,4.3819242490423197e-16,0.8891675989049849,1.4542986872600254,3.227581654665159,2.4331034901080226,4.281479756156442,rq2_random_slope
fixed,dimension5,-0.5785517696173571,0.13738907931533087,-4.2110462672908975,2.5419067448795462e-5,-0.8478294169445224,-0.30927412229019174,0.5607098158319692,0.42834367915450255,0.7339795422939326,rq2_random_slope
fixed,gui_language1,0.49978442136106216,0.02666892380105272,18.740329571954224,2.32185030724923e-78,0.44751429120455577,0.5520545515175685,1.6483658799213092,1.564418659187741,1.7368177361803512,rq2_random_slope
fixed,gui_language2,0.18070164812336267,0.02577263413641474,7.0113767636985624,2.359843004125198e-12,0.13018821342926223,0.2312150828174631,1.1980576832079326,1.1390427462923502,1.2601302426670822,rq2_random_slope
fixed,gui_language3,0.07578531030501486,0.02544906416904793,2.977921302001654,0.0029021049009609946,0.025906061093432166,0.12566455951659755,1.078730956875149,1.026244539655317,1.1339017479319418,rq2_random_slope
fixed,gui_language4,-0.2877347878056958,0.02488109610798372,-11.564393568391422,6.243080874201598e-31,-0.33650084007322356,-0.238968735538168,0.7499604645266362,0.7142652835407601,0.7874395008600636,rq2_random_slope
fixed,gui_language5,-0.06554652548658374,0.025228596575641003,-2.598104309530676,0.009374001347954027,-0.11499366615533063,-0.016099384817836848,0.9365554720469187,0.8913717896994102,0.9840295176009732,rq2_random_slope
fixed,matched_num,0.32952439068136247,0.03137794183533338,10.501784738165934,8.476216517491307e-26,0.26802475477511645,0.3910240265876085,1.3903067283564499,1.30737950349996,1.4784940361528887,rq2_random_slope
fixed,question_language1:dimension1,-0.23289540601569328,0.05649260836567214,-4.122581922721286,3.7464930419720265e-5,-0.34361888380513683,-0.12217192822624975,0.7922364323559439,0.709199163837344,0.8849961995951026,rq2_random_slope
fixed,question_language2:dimension1,-0.20605740492677022,0.05601938544537424,-3.678323196310345,2.347723488041483e-4,-0.315853382835771,-0.09626142701776944,0.8137863595956704,0.7291663506332918,0.9082265500716007,rq2_random_slope
fixed,question_language3:dimension1,0.04392377783530313,0.05492807204921203,0.799659922451861,0.4239078591542821,-0.06373326512137363,0.15158082079197988,1.0449027071067858,0.9382552315517505,1.1636723469299077,rq2_random_slope
fixed,question_language4:dimension1,0.023229364498051148,0.05329820239566297,0.4358376728281813,0.6629545085613733,-0.08123319263817468,0.12769192163427698,1.0235012674815316,0.9219786677367393,1.1362029092363115,rq2_random_slope
fixed,question_language5:dimension1,0.05090811045423939,0.054053561239269916,0.9418086299419369,0.3462906260278226,-0.05503492281085988,0.15685114371933867,1.052226200253154,0.9464520946088414,1.169821465667289,rq2_random_slope
fixed,question_language1:dimension2,0.40285387897082675,0.07629826623371941,5.279987329420976,1.2919282026169855e-7,0.25331202506988826,0.5523957328717652,1.4960882657339256,1.2882851914045426,1.7374104071059593,rq2_random_slope
fixed,question_language2:dimension2,0.11995736522043308,0.07171021726573433,1.6728071646458802,0.09436526398102461,-0.02059207794394853,0.2605068083848147,1.1274487820243708,0.979618491065106,1.2975875482976738,rq2_random_slope
fixed,question_language3:dimension2,-0.014171970514294582,0.0667154334844681,-0.21242416895325927,0.8317761319097082,-0.14493181735682958,0.11658787632824041,0.9859279791415488,0.8650812746278219,1.1236562489141133,rq2_random_slope
fixed,question_language4:dimension2,-0.0760262993446297,0.0637784569819201,-1.1920372950725606,0.2332466219772884,-0.20102977801873023,0.04897717932947082,0.9267918322210735,0.8178880761047832,1.0501963842808872,rq2_random_slope
fixed,question_language5:dimension2,-0.16646237256566118,0.06437776463553735,-2.585712217689706,0.009717802967346383,-0.2926404726565107,-0.040284272474811644,0.8466546737792355,0.7462904042768069,0.9605163519781049,rq2_random_slope
fixed,question_language1:dimension3,0.025770583799411204,0.06016396767813498,0.42833916701236524,0.668404207228805,-0.09214862601676523,0.14368979361558765,1.0261055162395516,0.9119695970634047,1.154525911661542,rq2_random_slope
fixed,question_language2:dimension3,0.21610617943909768,0.06071049205061777,3.5596183153797822,3.7139418342008813e-4,0.09711580153618163,0.3350965573420137,1.241234165551524,1.1019879781331903,1.3980753731472904,rq2_random_slope
fixed,question_language3:dimension3,0.011296323290097485,0.056937861490875444,0.19839739312843305,0.8427341568902978,-0.10029983458874843,0.1228924811689434,1.0113603676782208,0.9045661571495689,1.1307628361129356,rq2_random_slope
fixed,question_language4:dimension3,-0.0599165172266094,0.055097769830651684,-1.0874581205513145,0.2768343972342423,-0.16790616172316425,0.048073127269945434,0.941843157981239,0.8454331649538717,1.049247381115541,rq2_random_slope
fixed,question_language5:dimension3,-0.07074797922059163,0.05572912900147577,-1.269497307569945,0.20426375021620444,-0.17997506495327076,0.03847910651208748,0.9316966694627762,0.8352910391726946,1.0392290150122876,rq2_random_slope
fixed,question_language1:dimension4,-0.12202014702007885,0.06615103601152558,-1.844568949741303,0.06510026727442914,-0.25167379514268107,0.007633501102523393,0.8851305355803148,0.7774983204354811,1.0076627105482068,rq2_random_slope
fixed,question_language2:dimension4,-0.11169358305949323,0.06537963565899227,-1.7083849111987361,0.08756494513880604,-0.23983531427346869,0.01644814815448223,0.8943182497822127,0.7867574181151684,1.016584163654421,rq2_random_slope
fixed,question_language3:dimension4,-0.0898692633236824,0.062283817470238145,-1.4428990863738524,0.149048900576298,-0.21194330238501574,0.032204775737650945,0.9140506774076057,0.8090105652357398,1.0327289614887138,rq2_random_slope
fixed,question_language4:dimension4,0.17102656513190634,0.061309461136065446,2.7895623605685147,0.005277933109956157,0.05086222939365995,0.29119090087015276,1.1865222687236259,1.0521779241066058,1.3380199887508946,rq2_random_slope
fixed,question_language5:dimension4,0.08146483527945667,0.0620273484443017,1.313369623604161,0.18905842813189597,-0.04010653372789119,0.20303620428680452,1.0848750675846606,0.960687088123667,1.2251168219253878,rq2_random_slope
fixed,question_language1:dimension5,0.0045497965913104685,0.056307300953000336,0.08080296008342117,0.9355986539637624,-0.10581048534322803,0.11491007852584896,1.0045601626309832,0.899595118382197,1.1217725615941472,rq2_random_slope
fixed,question_language2:dimension5,0.16808387361325342,0.05670663242604621,2.9640954932821924,0.0030357406565540653,0.05694091637365167,0.27922683085285516,1.183035831976563,1.0585932630189483,1.3221072045642022,rq2_random_slope
fixed,question_language3:dimension5,0.036508367173180935,0.05306533023758064,0.6879890695059854,0.4914596646592698,-0.0674977689202014,0.14051450326656326,1.0371829822710763,0.9347298060704886,1.1508657707568608,rq2_random_slope
fixed,question_language4:dimension5,-0.20266446115792874,0.05053874017941724,-4.010081383874054,6.069782320300394e-5,-0.3017185717336138,-0.10361035058224363,0.8165521804375652,0.7395461648006322,0.9015765277575164,rq2_random_slope
fixed,question_language5:dimension5,-0.05031873278038727,0.05169035947182042,-0.9734645549876488,0.3303224682815996,-0.15162997569308412,0.05099251013230959,0.9509262848143006,0.8593061860970809,1.0523150115534823,rq2_random_slope
fixed,dimension1:gui_language1,-0.010508563105707329,0.05666880102836893,-0.18543824670733097,0.8528853120618218,-0.12157737216837679,0.10056024595696213,0.9895464589406888,0.8855225358994807,1.1057902590897015,rq2_random_slope
fixed,dimension2:gui_language1,-0.04397208427810106,0.06949791188573023,-0.6327108697942001,0.5269224702719577,-0.18018548857487043,0.0922413200186683,0.9569806719064682,0.8351152926983955,1.0966294287863123,rq2_random_slope
fixed,dimension3:gui_language1,-0.004740609168603542,0.05905756230437094,-0.08027099297074582,0.9360217280051617,-0.12049130429990088,0.1110100859626938,0.995270609783817,0.8864847959177903,1.1174061769146377,rq2_random_slope
fixed,dimension4:gui_language1,-0.17464721313493178,0.06446125053471889,-2.7093364104201894,0.006741794272040732,-0.3009889425813941,-0.048305483688469486,0.8397532224248787,0.7400859561416854,0.952842664721453,rq2_random_slope
fixed,dimension5:gui_language1,-0.09180561462188289,0.05474130193689636,-1.6770813147212469,0.09352658210225913,-0.19909659488503242,0.015485365641266652,0.9122824666828384,0.8194707328285122,1.015605885208701,rq2_random_slope
fixed,dimension1:gui_language2,-0.016446765848474928,0.054784302645099536,-0.30020945881194117,0.764017390565515,-0.12382202595101241,0.09092849425406255,0.9836877437792788,0.88353707356108,1.09519069003127,rq2_random_slope
fixed,dimension2:gui_language2,-0.015177651215729917,0.06673159191553796,-0.22744326607613738,0.8200790802406224,-0.14596916800120852,0.11561386556974868,0.9849369488134856,0.8641843473046467,1.1225623284704485,rq2_random_slope
fixed,dimension3:gui_language2,0.09553033658543789,0.057532672927750994,1.6604536470155664,0.09682322547864998,-0.017231630287276617,0.2082923034581524,1.1002421991191353,0.9829159851528697,1.231573110019409,rq2_random_slope
fixed,dimension4:gui_language2,-0.09419053249016554,0.06239656471919698,-1.5095467661409059,0.1311591135833807,-0.2164855520988142,0.02810448711848311,0.9101093403211021,0.8053441703716115,1.028503144137131,rq2_random_slope
fixed,dimension5:gui_language2,-0.040539988771743175,0.05300506943103706,-0.7648322925883204,0.4443714158046284,-0.14442801585462076,0.06334803831113442,0.9602707636952363,0.8655172136776655,1.0653975738849335,rq2_random_slope
fixed,dimension1:gui_language3,0.10054215454197439,0.05467295960415835,1.8389740608504994,0.06591900139364257,-0.006614877210389197,0.20769918629433798,1.1057702539601961,0.9934069529287797,1.2308428594528444,rq2_random_slope
fixed,dimension2:gui_language3,-0.06208542282368509,0.06553393571411115,-0.9473782117181235,0.3434460896077383,-0.1905295765885061,0.06635873094113592,0.9398026027700587,0.8265213116868154,1.0686099918837286,rq2_random_slope
fixed,dimension3:gui_language3,-0.15348734607104952,0.05598344470365088,-2.7416559821128703,0.006113032842527528,-0.2632128814206949,-0.043761810721404185,0.8577116175520274,0.7685782638617916,0.9571819207939583,rq2_random_slope
fixed,dimension4:gui_language3,-0.04760839379938227,0.06188309245200715,-0.7693279684803165,0.4416986378624398,-0.1688970262572787,0.07368023865851418,0.953507113272198,0.8445958701061449,1.0764625393520089,rq2_random_slope
fixed,dimension5:gui_language3,-0.0690942335008031,0.052292253241728356,-1.3213091656503155,0.18639829908547612,-0.17158516652503852,0.03339669952343234,0.9332387335815635,0.8423285267715253,1.0339606295836095,rq2_random_slope
fixed,dimension1:gui_language4,-0.03644241790043727,0.05301345531359531,-0.6874182730566443,0.4918191858554323,-0.1403468810111076,0.06746204521023307,0.9642136137421402,0.8690567238324378,1.0697896551858836,rq2_random_slope
fixed,dimension2:gui_language4,0.007753416966669072,0.06369221276065226,0.1217325734278614,0.9031108152099164,-0.11708102613987177,0.1325878600732099,1.0077835525382006,0.8895131164292114,1.1417793284977837,rq2_random_slope
fixed,dimension3:gui_language4,-0.004765410256636493,0.055150043599089954,-0.0864080959079265,0.9311420113995292,-0.11285750945666652,0.10332668894339354,0.995245926295897,0.8932779347063515,1.108853600121883,rq2_random_slope
fixed,dimension4:gui_language4,0.09589042497470832,0.06044442733032669,1.5864229211846195,0.11264340427318567,-0.022578475658880506,0.21435932560829712,1.1006384548996946,0.9776745105314034,1.2390678036042306,rq2_random_slope
fixed,dimension5:gui_language4,0.047279328231123074,0.05118640059040959,0.9236697186318947,0.35565830266964893,-0.053044173424319455,0.1476028298865656,1.048414820039733,0.94833812021486,1.1590524639354491,rq2_random_slope
fixed,dimension1:gui_language5,-0.019866453920330596,0.053709150747449724,-0.3698895559482276,0.7114647835718938,-0.12513445502556456,0.08540154718490336,0.9803295837379654,0.8823782544175977,1.0891543257558842,rq2_random_slope
fixed,dimension2:gui_language5,-0.04605583926994913,0.06469560833396776,-0.7118850947687586,0.4765359327764147,-0.17285690156243527,0.080745223022537,0.9549886348336694,0.8412579889355511,1.0840946590182623,rq2_random_slope
fixed,dimension3:gui_language5,0.027919538625267835,0.056009752751032114,0.498476376951215,0.6181483154805285,-0.0818575595497483,0.13769663680028396,1.0283129416197323,0.9214031944353667,1.147627349556364,rq2_random_slope
fixed,dimension4:gui_language5,-0.020042447042065932,0.06113743747139178,-0.3278260893980787,0.7430431599536953,-0.13986962259306335,0.0997847285089315,0.9801570676554612,0.8694715874603495,1.1049330318902035,rq2_random_slope
fixed,dimension5:gui_language5,0.14090497778087632,0.052432802455043975,2.6873440133528743,0.0072022733199859044,0.03813857336048683,0.24367138220126583,1.1513152422576087,1.038875183329699,1.2759249699335877,rq2_random_slope
fixed,dimension1:matched_num,-0.1206677549300613,0.06631410492826699,-1.819639352149735,0.06881394473524026,-0.25064101225647467,0.009305502396352083,0.8863283889163858,0.7783017221932623,1.0093489331943772,rq2_random_slope
fixed,dimension2:matched_num,-0.1801060033652582,0.08029944442692058,-2.242929632336002,0.024901352551996398,-0.33749002242059806,-0.02272198430991834,0.8351816746506427,0.7135590942635054,0.9775342158482342,rq2_random_slope
fixed,dimension3:matched_num,-0.23000846928654448,0.06863663069055236,-3.3511037324010795,8.049014533022686e-4,-0.3645337934602036,-0.09548314511288536,0.7945268733990806,0.6945203653495615,0.9089336814991601,rq2_random_slope
fixed,dimension4:matched_num,0.008612654564553799,0.07687056984753167,0.11204098761901338,0.9107909077314298,-0.14205089380767888,0.15927620293678646,1.008649850181526,0.8675771010601767,1.1726617945863096,rq2_random_slope
fixed,dimension5:matched_num,0.04862997294449151,0.06521342121356008,0.7457049797347497,0.45584565036270286,-0.07918598394272658,0.1764459298317096,1.0498318126852382,0.9238680838369939,1.1929699209313027,rq2_random_slope
