group_type,group_value,n_rows,rows_with_human_quoted_spans,rows_with_translated_quoted_spans,quoted_exact_precision_n,quoted_exact_precision_mean,quoted_exact_precision_median,quoted_exact_recall_n,quoted_exact_recall_mean,quoted_exact_recall_median,quoted_exact_f1_n,quoted_exact_f1_mean,quoted_exact_f1_median,quoted_aligned_edit_similarity_n,quoted_aligned_edit_similarity_mean,quoted_aligned_edit_similarity_median,question_edit_similarity_n,question_edit_similarity_mean,question_edit_similarity_median,question_char_ngram_fscore_n,question_char_ngram_fscore_mean,question_char_ngram_fscore_median,mean_option_edit_similarity_n,mean_option_edit_similarity_mean,mean_option_edit_similarity_median,min_option_edit_similarity_n,min_option_edit_similarity_mean,min_option_edit_similarity_median,mean_option_char_ngram_fscore_n,mean_option_char_ngram_fscore_mean,mean_option_char_ngram_fscore_median,min_option_char_ngram_fscore_n,min_option_char_ngram_fscore_mean,min_option_char_ngram_fscore_median,gold_option_edit_similarity_n,gold_option_edit_similarity_mean,gold_option_edit_similarity_median,mean_wrong_option_edit_similarity_n,mean_wrong_option_edit_similarity_mean,mean_wrong_option_edit_similarity_median,gold_minus_wrong_option_edit_similarity_n,gold_minus_wrong_option_edit_similarity_mean,gold_minus_wrong_option_edit_similarity_median,gold_option_char_ngram_fscore_n,gold_option_char_ngram_fscore_mean,gold_option_char_ngram_fscore_median,mean_wrong_option_char_ngram_fscore_n,mean_wrong_option_char_ngram_fscore_mean,mean_wrong_option_char_ngram_fscore_median,gold_minus_wrong_option_char_ngram_fscore_n,gold_minus_wrong_option_char_ngram_fscore_mean,gold_minus_wrong_option_char_ngram_fscore_median,downstream_accuracy
direction,en->fr,366,324,311,311,0.8420775276884601,1.0,324,0.8059927983539095,1.0,324,0.800870811287478,1.0,324,0.863130004640662,1.0,366,0.9224877284153794,0.9315440645711661,366,0.8502380481974683,0.8512703481873178,366,0.9309350098314922,1.0,366,0.8393655079740182,1.0,366,0.8926502253261455,1.0,366,0.767925912576782,1.0,366,0.9241011322284722,1.0,366,0.933212969032499,1.0,366,-0.009111836804026765,0.0,366,0.8838493297731336,1.0,366,0.8955838571771494,1.0,366,-0.01173452740401582,0.0,
direction,en->ja,366,347,312,312,0.7981983294483295,1.0,347,0.6511978575379151,1.0,347,0.6660782381243476,1.0,347,0.7013611297482665,1.0,366,0.7441028013505131,0.7562000409920066,366,0.6152535775924465,0.6255256216831302,366,0.8549801829583996,0.9210902255639097,366,0.7141509487188393,0.80625,366,0.7578232007502824,0.8132013027114935,366,0.5540031623558341,0.47450012701163935,366,0.8574217044370411,1.0,366,0.8541663424655191,0.9230769230769231,366,0.0032553619715219467,0.0,366,0.7680313106423254,1.0,366,0.7544204974529347,0.7951498669540737,366,0.013610813189390714,0.0,
direction,en->ru,366,341,321,321,0.7473779854620977,1.0,341,0.7176460636138056,1.0,343,0.7005007383287266,1.0,343,0.7824134797354118,1.0,366,0.8389972324135194,0.8579499596448749,366,0.7349496035803526,0.7414154104986486,366,0.8236313481797174,0.8586914967063708,366,0.6461304152724819,0.6428571428571429,366,0.7518602091461124,0.7840776145299369,366,0.5280308395337159,0.46594410460585933,366,0.8275045632239263,1.0,366,0.8223402764983143,0.8624213931134606,366,0.005164286725611978,0.0,366,0.7541634756549995,1.0,366,0.7510924536431501,0.778851638853078,366,0.0030710220118494334,0.0,
direction,en->th,366,334,317,317,0.6811514195583597,1.0,334,0.6400282767797738,1.0,334,0.6388354243893166,1.0,334,0.7370842233951909,1.0,366,0.793037288654074,0.8127016129032258,366,0.694640572022893,0.7127637586524715,366,0.8397919264621222,0.8832866818882862,366,0.6742905515214465,0.7325203252032519,366,0.7691432221953789,0.8067066475387233,366,0.5473359085888825,0.5451659282057042,366,0.8391851058475779,0.9705627705627706,366,0.8399942000003036,0.881025641025641,366,-0.0008090941527257126,0.0,366,0.7691712548231974,0.9612886069590818,366,0.7691338779861061,0.8184580686603224,366,3.7376837091287335e-05,0.0,
direction,en->zh,366,324,185,185,0.7368918918918919,1.0,324,0.39848251028806586,0.0,326,0.40300540461583406,0.0,326,0.44552280213848433,0.26785714285714285,366,0.7503714901157278,0.7804878048780488,366,0.503112948725634,0.4749866887485995,366,0.856949032899642,0.9166666666666666,366,0.7277537218676361,0.8,366,0.7416512675254437,0.8177083333333334,366,0.554167868673149,0.47037286612758306,366,0.8597252670359744,1.0,366,0.8560236215208645,0.9296296296296296,366,0.0037016455151098926,0.0,366,0.7437791331170739,1.0,366,0.7409419789949003,0.8201589645657533,366,0.0028371541221736065,0.0,
direction,fr->en,366,317,328,328,0.8333079268292682,1.0,317,0.8753680336487908,1.0,328,0.8362212059620596,1.0,328,0.8954438258446146,1.0,366,0.9182322256742353,0.9314873642786022,366,0.8456637952265714,0.8560872654570186,366,0.9363282334859089,1.0,366,0.856347959424613,1.0,366,0.913959012613546,1.0,366,0.8009188347112361,1.0,366,0.9253496025272492,1.0,366,0.9399877771387953,1.0,366,-0.014638174611546198,0.0,366,0.9040756839770142,1.0,366,0.9172534554923899,1.0,366,-0.013177771515375648,0.0,
direction,fr->ja,366,347,310,310,0.7237096774193549,1.0,347,0.5973663144412424,0.75,350,0.5973716759431045,0.6666666666666666,350,0.65501758493737,0.8615719406041986,366,0.7484907710638112,0.7609523809523809,366,0.5876085186814066,0.5832291695187257,366,0.813502221512784,0.853553326283174,366,0.639852864941056,0.6666666666666666,366,0.7051076049633509,0.7474848522470676,366,0.47793657474092865,0.3923928634493859,366,0.8091372314866888,0.9486842105263158,366,0.814957218188149,0.8488651177056974,366,-0.005819986701460298,0.0,366,0.713878893360196,0.9025071350682605,366,0.7021838421644025,0.724443795734435,366,0.011695051195793555,0.0,
direction,fr->ru,366,341,333,333,0.7114614614614615,1.0,341,0.6960711331679074,1.0,344,0.6828096160944999,1.0,344,0.7907366328144932,1.0,366,0.8369293633549247,0.8516685001833517,366,0.7122624999541859,0.7240017011409393,366,0.8102264548182646,0.8457947586838794,366,0.6258615710306625,0.6233108108108107,366,0.7305343090244314,0.7558285606441311,366,0.4953823934981586,0.4333956200485998,366,0.8139724423950992,0.9621318373071529,366,0.808977792292653,0.8421295685446629,366,0.004994650102446258,0.0,366,0.7395147388185839,0.9103427282696877,366,0.7275408324263806,0.7488675016101162,366,0.01197390639220329,0.0,
direction,fr->th,366,334,330,330,0.6564279155188246,1.0,334,0.6553362971027642,1.0,337,0.6401741021919063,1.0,337,0.7667613649191866,1.0,366,0.8034925282466527,0.8235294117647058,366,0.6935931100749618,0.7157845538295909,366,0.8318246341217324,0.8621918528625845,366,0.6532727751631203,0.6984754376058724,366,0.7564686303018191,0.7865347251507625,366,0.52448969123719,0.5039781135958182,366,0.8305960135543621,0.9538706256627784,366,0.8322341743108558,0.8673794619524671,366,-0.0016381607564937943,0.0,366,0.7566853153003616,0.9547945061141349,366,0.7563964019689716,0.7892711925277076,366,0.000288913331390013,0.0,
direction,fr->zh,366,324,207,207,0.6474235104669888,1.0,324,0.3883487654320988,0.0,334,0.3840092542188351,0.0,334,0.43369895526244595,0.3333333333333333,366,0.7126105891437697,0.732050841635177,366,0.4289300821597135,0.4055404717317728,366,0.8047260322185925,0.830654761904762,366,0.6233420907276166,0.6666666666666666,366,0.6657879312794182,0.6861493798278069,366,0.4403145394352683,0.28735632183908044,366,0.8111568371664183,0.9198717948717949,366,0.8025824305693172,0.8333333333333334,366,0.008574406597101125,0.0,366,0.6722020185656561,0.8608870967741935,366,0.6636499021840055,0.7129830027890169,366,0.00855211638165047,0.0,
direction,ja->en,366,317,325,325,0.7895982905982906,1.0,317,0.7926130389064143,1.0,333,0.7450854534187867,1.0,333,0.7822952218468383,1.0,366,0.7849247981842996,0.8030346571642049,366,0.6574980462935952,0.6426334332317187,366,0.8936435003967612,0.9375,366,0.7883916932842252,0.8626134301270417,366,0.8295211267256997,0.8925418613823651,366,0.6846607633771867,0.7026643135594874,366,0.8873397356333732,1.0,366,0.8957447553178906,0.9532019704433496,366,-0.008405019684517383,0.0,366,0.8250209688197365,1.0,366,0.8310211793610207,0.9095455447392822,366,-0.006000210541284198,0.0,
direction,ja->fr,366,324,344,344,0.6450419896640827,1.0,324,0.7247942386831275,1.0,349,0.6400193089304838,1.0,349,0.7225069284227188,1.0,366,0.7075682108363722,0.7156004489337823,366,0.5940766895235532,0.5957712364886183,366,0.8510862703897937,0.8619219371281781,366,0.7112751457609741,0.7309030654515327,366,0.7796237771138785,0.7820827514286938,366,0.594205323922464,0.5641010038643495,366,0.8478216478823843,0.9508196721311475,366,0.8521744778922634,0.8699321909982425,366,-0.004352830009879092,0.0,366,0.7715229171053557,0.8919757275077418,366,0.7823240637833861,0.7881046278452972,366,-0.010801146678030423,0.0,
direction,ja->ru,366,341,347,347,0.548030739673391,0.5,341,0.5950409805248514,0.75,353,0.5410627930457959,0.5,353,0.6594585649310208,0.7777777777777778,366,0.5958002971942444,0.601584256451513,366,0.4888959400423778,0.4763967241425015,366,0.7487215503116673,0.7503246753246753,366,0.5550677804325889,0.5384615384615384,366,0.6538376732441487,0.6498983560221367,366,0.4343982147674743,0.353876746841962,366,0.7551475769925647,0.8298898071625345,366,0.7465795414180348,0.7585446382382879,366,0.008568035574529889,0.0,366,0.6607101172651153,0.6917742116271528,366,0.6515468585704931,0.6666666666666666,366,0.009163258694622112,0.0,
direction,ja->th,366,334,336,336,0.5452181251288394,0.55,334,0.578864997278171,0.8,346,0.534700976608491,0.6,346,0.6725805049549836,0.8599439775910365,366,0.5704610547661854,0.5706605222734256,366,0.5211608081421232,0.5120686716534791,366,0.7893985981331352,0.8012693446903973,366,0.5924189095051903,0.6153846153846154,366,0.6965725341197325,0.7047243231993001,366,0.45548437010623305,0.3930642581559477,366,0.7800607274638529,0.8571428571428571,366,0.7925112216895626,0.8114766146338596,366,-0.012450494225709662,0.0,366,0.6891828630899803,0.7358341626002086,366,0.6990357577963165,0.7122814016642364,366,-0.009852894706336187,0.0,
direction,ja->zh,366,324,326,326,0.5989349011588275,0.75,324,0.6427211934156378,1.0,345,0.5720163331032896,0.6666666666666666,345,0.6457619821159809,0.8068181818181819,366,0.4835304324722103,0.47213622291021673,366,0.2521285654390075,0.2265622845360443,366,0.7701603962067965,0.7954892312081016,366,0.5914789262145395,0.631578947368421,366,0.6159623610673962,0.6363475614434346,366,0.38395800465245505,0.23928835123725767,366,0.7571785684335376,0.8164983164983165,366,0.7744876721312163,0.8201719576719577,366,-0.017309103697678734,0.0,366,0.6004968878105212,0.572254167987474,366,0.6211175188196878,0.6666666666666666,366,-0.020620631009166588,0.0,
direction,ru->en,366,317,334,334,0.7713380930446798,1.0,317,0.8143533123028391,1.0,336,0.7581892479213908,1.0,336,0.8192454495574525,1.0,366,0.8813516752455347,0.8944272445820434,366,0.7832692476016079,0.7806483560950092,366,0.889849015275726,0.9340618478626861,366,0.7743124095077543,0.8333333333333334,366,0.8487129423431531,0.8943167157036969,366,0.7022397601270842,0.7527955254829564,366,0.8930741302994872,1.0,366,0.8887739769344724,0.956451895189519,366,0.004300153365014941,0.0,366,0.8569414946833729,1.0,366,0.8459700915630798,0.9330418582297362,366,0.010971403120293058,0.0,
direction,ru->fr,366,324,336,336,0.6959878663003664,1.0,324,0.7361882716049383,1.0,337,0.6926628514907447,1.0,337,0.7896810008955587,1.0,366,0.861527575945612,0.8826658322903629,366,0.738793413790225,0.747857307806525,366,0.8712486830871312,0.9047678405850347,366,0.7344917463497339,0.8,366,0.8067897517063237,0.8340517847881206,366,0.6290148234310432,0.6612954967312434,366,0.865757289794634,1.0,366,0.8730791475179637,0.9203674454784332,366,-0.007321857723329718,0.0,366,0.8009904688191973,1.0,366,0.8087228460020325,0.8436334816361766,366,-0.007732377182835196,0.0,
direction,ru->ja,366,347,327,327,0.6829159627324765,1.0,347,0.5980438389660292,0.75,353,0.5908990757432684,0.6666666666666666,353,0.6480453658600568,0.8,366,0.734228466609262,0.7561463693539165,366,0.567091646652368,0.557867210528409,366,0.8034725132058911,0.8333333333333333,366,0.614201555409061,0.6666666666666666,366,0.694121970532399,0.7178722380502309,366,0.453546209998882,0.3245862335653519,366,0.8037962030383965,0.9333333333333333,366,0.803364616595056,0.8410967979389032,366,0.0004315864433405653,0.0,366,0.7073134653415805,0.8924823990093208,366,0.6897248055960051,0.7114265284666492,366,0.0175886597455753,0.0,
direction,ru->th,366,334,339,339,0.6380438145924872,1.0,334,0.664285066231174,1.0,342,0.6344835151852696,1.0,342,0.7779012940554781,1.0,366,0.7917908787382617,0.8070175438596491,366,0.6812850272734002,0.6893769083749801,366,0.8107393841982503,0.836167630470479,366,0.6134316722245494,0.6723163841807909,366,0.7235612604330643,0.7602274525146242,366,0.474605781459774,0.44257622335702956,366,0.8178850175266097,0.9166666666666666,366,0.8083575064221304,0.8451003035340385,366,0.009527511104479301,0.0,366,0.7367141240511117,0.8639783554231182,366,0.7191769725603818,0.7418799940789056,366,0.01753715149072987,0.0,
direction,ru->zh,366,324,217,217,0.6250472645633935,1.0,324,0.4026491769547325,0.0,335,0.39206898408390944,0.0,335,0.45843581872554656,0.4444444444444444,366,0.7038268226038158,0.7272727272727273,366,0.41451191555625483,0.3866888057504875,366,0.8100760939744652,0.8333333333333333,366,0.6298513125098361,0.6666666666666666,366,0.6726438868029178,0.6934189376653683,366,0.453168990953546,0.2733134920634921,366,0.8084075228423554,0.9282051282051282,366,0.8106322843518352,0.8428726416342516,366,-0.0022247615094798294,0.0,366,0.6659750117471162,0.8344362328233297,366,0.6748668451548517,0.7011644564831658,366,-0.008891833407735576,0.0,
direction,th->en,366,317,332,332,0.8303798527443106,1.0,317,0.8590168243953733,1.0,332,0.8156327691719258,1.0,332,0.8618209987388636,1.0,366,0.842315647074142,0.8571428571428571,366,0.7162528251952417,0.7113370925386678,366,0.8875305939566088,0.9282247423216001,366,0.776398341299426,0.8375366568914956,366,0.8470003677785143,0.9130176065427258,366,0.7076967839485274,0.7560038473127759,366,0.8804150899855926,1.0,366,0.8899024286136142,0.9496832385721274,366,-0.009487338628021662,0.0,366,0.84248458614688,1.0,366,0.8485056283223924,0.9310985044264561,366,-0.006021042175512393,0.0,
direction,th->fr,366,324,330,330,0.7588215488215488,1.0,324,0.7737139917695474,1.0,335,0.7410234541577825,1.0,335,0.8252758322819667,1.0,366,0.798873578334063,0.8024022108843538,366,0.6618988460681636,0.6488092544153727,366,0.8527414375472114,0.8643222144545424,366,0.697908659759461,0.7325203252032519,366,0.7919970603259675,0.7972536897229929,366,0.5926982311542326,0.5835868940240772,366,0.8436576034284089,0.9649014778325123,366,0.855769382253479,0.8759872004357299,366,-0.012111778825070075,0.0,366,0.7852848833658419,0.9458345817630287,366,0.7942344526460094,0.8231380550782232,366,-0.008949569280167585,0.0,
direction,th->ja,366,347,325,325,0.7366550116550117,1.0,347,0.6289035892061828,1.0,350,0.6348621933621934,0.8333333333333334,350,0.6991864030401985,0.9496031746031746,366,0.7156789859509244,0.7251373626373626,366,0.5375304987928949,0.5261819000005996,366,0.7782967816592932,0.8239343989343989,366,0.6029457303245545,0.631578947368421,366,0.6722786760811024,0.6964206870309193,366,0.4428887607097225,0.33001521171240245,366,0.7784252581824741,0.8888888888888888,366,0.7782539561515662,0.8301168365684495,366,0.00017130203090785285,0.0,366,0.6747585250355245,0.8043751706860072,366,0.6714520597629617,0.7019630412262503,366,0.0033064652725628193,0.0,
direction,th->ru,366,341,336,336,0.6431299603174603,1.0,341,0.6368542747575006,1.0,345,0.6212086705564966,0.8571428571428571,345,0.7615325296597815,0.9833333333333334,366,0.7526241833841792,0.7744841615809357,366,0.6132138970032254,0.6182363220840392,366,0.7669162044325669,0.7918176328502415,366,0.5712210727962962,0.5811403508771931,366,0.6786985023584174,0.7042045628512461,366,0.4423045543024958,0.3606782106782107,366,0.7571959276655451,0.841687552213868,366,0.7701562966882408,0.7924048886450341,366,-0.012960369022695678,0.0,366,0.6634066208836233,0.7110586963858379,366,0.6837957961833488,0.6988800384939452,366,-0.020389175299725493,0.0,
direction,th->zh,366,324,240,240,0.6594411375661375,1.0,324,0.47536008230452675,0.5,334,0.46207087988525114,0.3333333333333333,334,0.5392941630358585,0.6666666666666666,366,0.6451540141776104,0.6570599613152804,366,0.36791260214461,0.33378707456759715,366,0.772764978941494,0.8,366,0.5841429111077507,0.6,366,0.6266908061699985,0.6293841459960883,366,0.3928299700260962,0.23571428571428574,366,0.7651206051993108,0.8404074702886248,366,0.7753131035222217,0.8174242424242424,366,-0.010192498322910894,0.0,366,0.6183295237783492,0.6208907326236693,366,0.6294779003005483,0.6666666666666666,366,-0.011148376522199107,0.0,
direction,zh->en,366,317,319,319,0.7919627307558342,1.0,317,0.789931650893796,1.0,325,0.7640682650682651,1.0,325,0.8362803783411094,1.0,366,0.8427801960200773,0.8838494153925222,366,0.7413599678605921,0.7483696090656842,366,0.9050625567141432,0.9467066839714471,366,0.7941659117397769,0.8571428571428571,366,0.854572215130567,0.9220352629482165,366,0.7091750701109459,0.7744819091049268,366,0.9089803167620163,1.0,366,0.9037566366981854,0.9575057180690983,366,0.0052236800638308725,0.0,366,0.8631791407406888,1.0,366,0.8517032399271931,0.9248717682988978,366,0.011475900813495754,0.0,
direction,zh->fr,366,324,327,327,0.7076707441386341,1.0,324,0.7267232510288066,1.0,334,0.6926997736129472,1.0,334,0.795350342192457,1.0,366,0.7509355999512889,0.7847808105872622,366,0.6426865120566498,0.6460623197507829,366,0.8563388149364052,0.8783636706430824,366,0.707551619615565,0.7376344086021505,366,0.794441699982308,0.8162590896408494,366,0.6087081260183421,0.6087626999494908,366,0.8541219259472469,0.9777337951509153,366,0.8570777779327913,0.8867656893702833,366,-0.002955851985544413,0.0,366,0.7938768272675837,0.9480711897242631,366,0.7946299908872161,0.8148780161002008,366,-0.0007531636196323341,0.0,
direction,zh->ja,366,347,319,319,0.7358031727937684,1.0,347,0.6190172619567432,0.8,348,0.6298388233733061,0.8,348,0.6983669767592646,0.9511904761904761,366,0.7379429831916786,0.7548269581056466,366,0.5916760957299956,0.5988563423064057,366,0.8098760830046849,0.8427567631959635,366,0.6256579225397735,0.6666666666666666,366,0.704600540371704,0.75,366,0.4680874538092152,0.38440547385655316,366,0.811419779919839,0.945906432748538,366,0.8093615173663002,0.8484848484848485,366,0.0020582625535388753,0.0,366,0.7074881666137872,0.9066686770996522,366,0.7036379982910096,0.7338762906211904,366,0.00385016832277754,0.0,
direction,zh->ru,366,341,327,327,0.6251783893985728,0.8333333333333334,341,0.6070155650800813,0.8,344,0.5913180811436626,0.75,344,0.7170676267113698,0.9139464674758793,366,0.6990760087846392,0.7159492273730684,366,0.5841511940911723,0.5831202680389422,366,0.7743106786717875,0.7810914710879637,366,0.5793403416754315,0.5625,366,0.6812477479164744,0.6797821106344769,366,0.4444183576625509,0.3594502276379125,366,0.7835771275115578,0.8775,366,0.771221862391864,0.7953494623655915,366,0.01235526511969388,0.0,366,0.690022783812722,0.7606300660111036,366,0.6783227359510585,0.6883153396311291,366,0.011700047861663506,0.0,
direction,zh->th,366,334,318,318,0.645193171608266,1.0,334,0.6160013306719894,1.0,336,0.6051926578712293,0.8,336,0.7517190168857006,0.9580419580419581,366,0.7023126961384446,0.7313501527132755,366,0.6070734915177589,0.6119408181895907,366,0.8007577310156354,0.8142705714337931,366,0.5909405267587501,0.6300751879699248,366,0.7132650807329879,0.7409447176635873,366,0.4547634594235609,0.3761259488922162,366,0.7960059113776214,0.8918128654970761,366,0.8023416708949733,0.8241902488619113,366,-0.0063357595173518895,0.0,366,0.7091527116107396,0.800435052499292,366,0.714635870440404,0.7206824178823339,366,-0.005483158829664432,0.0,
overall,all,10980,9935,9358,9358,0.702115946436314,1.0,9935,0.6557085390703911,1.0,10179,0.6330011241446549,1.0,10179,0.7173243869526268,1.0,10980,0.7557152041345151,0.7894736842105263,10980,0.614290666233015,0.6314708077078347,10980,0.8315295647516034,0.8685889219190865,10980,0.6711854198485576,0.7096774193548387,10980,0.7457041864687561,0.7853414718379379,10980,0.5406452911770993,0.49157822541279195,10980,0.8297845955263206,0.9743589743589743,10980,0.8321112211600311,0.8735133660665575,10980,-0.0023266256337104805,0.0,10980,0.7456067747340457,0.9936665120885986,10980,0.745736657046993,0.7817946793684075,10980,-0.0001298823129472884,0.0,
source_language,en,1830,1670,1446,1446,0.7628508459421323,1.0,1670,0.6435343764685082,1.0,1674,0.6425530695243957,1.0,1674,0.7065835252010806,1.0,1830,0.8097993081898427,0.8379133323267401,1830,0.6796389500237588,0.7008146761466967,1830,0.8612575000662747,0.9166666666666666,1830,0.7203382290708844,0.7906976744186046,1830,0.7826256249886726,0.8426539357059997,1830,0.5902927383456728,0.5819364548135504,1830,0.8615875545545983,1.0,1830,0.8611474819035001,0.9270474137931035,1830,0.00044007265109826776,0.0,1830,0.783798900802146,1.0,1830,0.7822345330508481,0.8487799826911693,1830,0.001564367751297844,0.0,
source_language,fr,1830,1663,1508,1508,0.7196482396913432,1.0,1663,0.6415185552738168,1.0,1693,0.6274334987713606,1.0,1693,0.7077549688887901,1.0,1830,0.8039510954966788,0.8333333333333334,1830,0.6536116012193678,0.6764161993947335,1830,0.8393215152314565,0.8809523809523809,1830,0.6797354522574137,0.7272727272727273,1830,0.7543714976365131,0.8064208889729569,1830,0.5478084067245563,0.5008808312267947,1830,0.8380424254259635,1.0,1830,0.8397478784999541,0.8888888888888888,1830,-0.0017054530739905817,0.0,1830,0.7572713300043624,1.0,1830,0.7534048868472301,0.8023963043357369,1830,0.0038664431571323356,0.0,
source_language,ja,1830,1640,1678,1678,0.6240325526678328,1.0,1640,0.6649897663312297,1.0,1726,0.605346195583739,0.8,1726,0.6957988637657092,0.9258241758241759,1830,0.6284569586906624,0.6459902160171495,1830,0.5027520098881314,0.5122405354944837,1830,0.8106020630876308,0.8442833389955037,1830,0.6477264910395036,0.6666666666666666,1830,0.7151034944541711,0.75,1830,0.5105413353651627,0.4426946099869845,1830,0.8055096512811426,0.9090909090909091,1830,0.8122995336897936,0.8499084249084249,1830,-0.006789882408650996,0.0,1830,0.7093867508181418,0.8241967665571495,1830,0.7170090756661809,0.7361111111111112,1830,-0.007622324848039056,0.0,
source_language,ru,1830,1646,1553,1553,0.6868798940917421,1.0,1646,0.6418747008358187,1.0,1703,0.6136833904009477,0.8888888888888888,1703,0.698630196325155,0.9920634920634921,1830,0.7945450838284972,0.8245848744786338,1830,0.6369902501747712,0.6637544073937327,1830,0.8370771379482927,0.8677518243131748,1830,0.6732577392001869,0.7142857142857143,1830,0.7491659623635716,0.7848799644938731,1830,0.5425151131940659,0.4980166514134042,1830,0.8377840327002966,0.9767441860465116,1830,0.8368415063642916,0.8793939393939394,1830,0.0009425263360050522,0.0,1830,0.7535869129284757,1.0,1830,0.7476923121752702,0.7813415507222159,1830,0.005894600753205491,0.0,
source_language,th,1830,1653,1563,1563,0.7292819198289447,1.0,1653,0.6729613953298164,1.0,1696,0.6544123640379537,1.0,1696,0.7371227533292645,1.0,1830,0.7509292817841838,0.7747113310493592,1830,0.5793617338408271,0.5983897918477712,1830,0.8116499993074349,0.844700491880601,1830,0.6465233430574977,0.6666666666666666,1830,0.7233330825428,0.7638891494529676,1830,0.515683660028215,0.45106388489334354,1830,0.8049628968922663,0.9245014245014245,1830,0.8138790334458244,0.8573564539666234,1830,-0.008916136553558092,0.0,1830,0.7168528278420437,0.8910064398301045,1830,0.7254931674430521,0.7547034077248851,1830,-0.008640339601008351,0.0,
source_language,zh,1830,1663,1610,1610,0.7008511915965332,1.0,1663,0.6695143768505164,1.0,1687,0.655379949037329,1.0,1687,0.7585765847229827,1.0,1830,0.7466094968172257,0.7750968992248062,1830,0.6333894522512338,0.6425405169736208,1830,0.8292691728685312,0.8542437115950259,1830,0.6595312644658594,0.6829268292682927,1830,0.7496254568268083,0.7730441934045956,1830,0.537030493404923,0.489031928776134,1830,0.8308210123036563,0.957427536231884,1830,0.8287518930568228,0.8611111111111112,1830,0.002069119246833465,0.0,1830,0.7527439260091042,0.9182165312696178,1830,0.7485859670993763,0.7748494333086501,1830,0.004157958909728007,0.0,
target_language,en,1830,1585,1638,1638,0.8033538398923015,1.0,1585,0.8262565720294427,1.0,1654,0.7837109216190232,1.0,1654,0.8388101870287171,1.0,1830,0.8539209084396577,0.8786127167630058,1830,0.7488087764355217,0.7571509958068614,1830,0.9024827799658296,0.9539808018068887,1830,0.7979232630511591,0.8717948717948718,1830,0.858753132918296,0.9256723363757806,1830,0.720938242454996,0.7932169440170118,1830,0.8990317750415437,1.0,1830,0.9036331149405916,0.9725916322813278,1830,-0.004601339899047886,0.0,1830,0.8583403748735385,1.0,1830,0.8588907189332152,0.9486347853592765,1830,-0.0005503440596766852,0.0,
target_language,fr,1830,1620,1648,1648,0.7278227688573562,1.0,1620,0.7534825102880659,1.0,1679,0.7122577987825158,1.0,1679,0.7981214740510102,1.0,1830,0.8082785386965431,0.8294489611562782,1830,0.697538701927212,0.6928797261442354,1830,0.8724700431584067,0.9053932021646531,1830,0.7381185358919504,0.7931034482758621,1830,0.8131005028909246,0.8487078157654956,1830,0.6385104834205728,0.6710286037491919,1830,0.8670919198562292,1.0,1830,0.8742627509257993,0.9157788410419989,1830,-0.007170831069570013,0.0,1830,0.8071048852662225,1.0,1830,0.8150990420991587,0.8599797600540198,1830,-0.007994156832936273,0.0,
target_language,ja,1830,1735,1593,1593,0.7349877523606337,1.0,1735,0.6189057724216226,0.8333333333333334,1748,0.6236740773211025,0.8,1748,0.6802834267023007,0.9375,1830,0.7360888016332379,0.7523059998307523,1830,0.5798320674898223,0.5815660688694364,1830,0.8120255564682106,0.85,1830,0.6393618043866568,0.6666666666666666,1830,0.7067863985397678,0.75,1830,0.47929243232291646,0.3895544984413388,1830,0.8120400354128879,0.9511904761904761,1830,0.8120207301533181,0.8571428571428571,1830,1.930525956978838e-05,0.0,1830,0.7142940721986828,0.9229202395791309,1830,0.7042838406534627,0.7301507632028235,1830,0.010010231545219985,0.0,
target_language,ru,1830,1705,1664,1664,0.6535556891025641,1.0,1705,0.6505256034288293,1.0,1729,0.6268848110953374,0.8333333333333334,1729,0.7417987767376623,0.9845679012345678,1830,0.7446854170263014,0.782051282051282,1830,0.6266946269342628,0.6319733756655288,1830,0.7847612472828007,0.8059527908986113,1830,0.5955242362414922,0.5888036373969878,1830,0.6992356883379168,0.7204411395403243,1830,0.4689068719528791,0.3963726220584446,1830,0.7874795275577386,0.8947368421052632,1830,0.7838551538578215,0.8144105894105894,1830,0.0036243736999172654,0.0,1830,0.7015635472870088,0.7895376171846114,1830,0.6984597353548863,0.714404762306995,1830,0.0031038119321225694,0.0,
target_language,th,1830,1670,1640,1640,0.632443770660234,1.0,1670,0.6309031936127745,1.0,1695,0.6102975441471017,0.8333333333333334,1695,0.7409542168417421,0.9883720930232558,1830,0.7322188893087237,0.7679285714285715,1830,0.6395506018062275,0.651684196465925,1830,0.8145024547861751,0.8391044882790166,1830,0.6248708870346114,0.6666666666666666,1830,0.7318021455565965,0.7620192307692307,1830,0.4913358421631281,0.45098906612561207,1830,0.8127465551540048,0.92,1830,0.8150877546635652,0.8488003154669821,1830,-0.0023411995095603514,0.0,1830,0.7321812537750781,0.853766291125612,1830,0.731675776150436,0.7594817710207873,1830,0.0005054776246421109,0.0,
target_language,zh,1830,1620,1175,1175,0.6463792118047437,1.0,1620,0.46151234567901234,0.3333333333333333,1674,0.443643531233137,0.3333333333333333,1674,0.5057252198995527,0.5,1830,0.6590986697026268,0.6818181818181818,1830,0.39331922280504394,0.36194805593113244,1830,0.802935306848198,0.8333333333333333,1830,0.6313137924854758,0.6666666666666666,1830,0.6645472505690349,0.6958890634452061,1830,0.44488787474810293,0.2762307548892904,1830,0.8003177601355193,0.9,1830,0.803807822419091,0.8380952380952381,1830,-0.0034900622835716878,0.0,1830,0.6601565150037433,0.8467741935483871,1830,0.6660108290907988,0.7146826061079492,1830,-0.005854314087055439,0.0,
text_dependency,dependent,9060,8590,8103,8103,0.6957691834404163,1.0,8590,0.6499842067129611,1.0,8718,0.6340263366416153,1.0,8718,0.7279167307256614,1.0,9060,0.7552910911511188,0.7894736842105263,9060,0.6145122104280065,0.6321845912330184,9060,0.8307545084338164,0.86627462392542,9060,0.6629048769541608,0.6956521739130435,9060,0.7475030944067584,0.7848122218057428,9060,0.5347651176675408,0.48495926079122337,9060,0.8279178437269792,1.0,9060,0.8317000633360955,0.8713189577290128,9060,-0.0037822196091163063,0.0,9060,0.7464967681421137,1.0,9060,0.7478385364949733,0.7815776962367943,9060,-0.0013417683528595126,0.0,
text_dependency,independent,1920,1345,1255,1255,0.7430942895086321,1.0,1345,0.6922676579925651,1.0,1461,0.6268835317089937,1.0,1461,0.6541183273952575,1.0,1920,0.7577164872749163,0.7905584180476257,1920,0.6132452545628987,0.6260493047813378,1920,0.8351868617511613,0.875,1920,0.7102592316314928,0.7602816901408451,1920,0.7372155896363077,0.7899867954157151,1920,0.5683923599253285,0.5207547384111691,1920,0.8385933305794632,0.9374728614850196,1920,0.8340513721417274,0.8888602888602888,1920,0.0045419584377357596,0.0,1920,0.7414071183397242,0.9133277445920468,1920,0.7358184134018356,0.7829429911667505,1920,0.005588704937888519,0.0,
